/*!999999\- enable the sandbox mode */ 
-- MariaDB dump 10.19  Distrib 10.6.18-MariaDB, for Linux (x86_64)
--
-- Host: localhost    Database: gestion_activos_pihcsa
-- ------------------------------------------------------
-- Server version	10.6.18-MariaDB

/*!40101 SET @OLD_CHARACTER_SET_CLIENT=@@CHARACTER_SET_CLIENT */;
/*!40101 SET @OLD_CHARACTER_SET_RESULTS=@@CHARACTER_SET_RESULTS */;
/*!40101 SET @OLD_COLLATION_CONNECTION=@@COLLATION_CONNECTION */;
/*!40101 SET NAMES utf8mb4 */;
/*!40103 SET @OLD_TIME_ZONE=@@TIME_ZONE */;
/*!40103 SET TIME_ZONE='+00:00' */;
/*!40014 SET @OLD_UNIQUE_CHECKS=@@UNIQUE_CHECKS, UNIQUE_CHECKS=0 */;
/*!40014 SET @OLD_FOREIGN_KEY_CHECKS=@@FOREIGN_KEY_CHECKS, FOREIGN_KEY_CHECKS=0 */;
/*!40101 SET @OLD_SQL_MODE=@@SQL_MODE, SQL_MODE='NO_AUTO_VALUE_ON_ZERO' */;
/*!40111 SET @OLD_SQL_NOTES=@@SQL_NOTES, SQL_NOTES=0 */;

--
-- Table structure for table `discos_duros`
--

DROP TABLE IF EXISTS `discos_duros`;
/*!40101 SET @saved_cs_client     = @@character_set_client */;
/*!40101 SET character_set_client = utf8 */;
CREATE TABLE `discos_duros` (
  `id` bigint(20) unsigned NOT NULL AUTO_INCREMENT,
  `equipo_id` bigint(20) unsigned NOT NULL,
  `capacidad` varchar(255) NOT NULL,
  `tipo_hdd_ssd` varchar(255) NOT NULL,
  `interface` varchar(255) NOT NULL,
  `created_at` timestamp NULL DEFAULT NULL,
  `updated_at` timestamp NULL DEFAULT NULL,
  PRIMARY KEY (`id`),
  KEY `discos_duros_equipo_id_foreign` (`equipo_id`),
  CONSTRAINT `discos_duros_equipo_id_foreign` FOREIGN KEY (`equipo_id`) REFERENCES `equipos` (`id`) ON DELETE CASCADE ON UPDATE CASCADE
) ENGINE=InnoDB AUTO_INCREMENT=37 DEFAULT CHARSET=utf8mb4 COLLATE=utf8mb4_unicode_ci;
/*!40101 SET character_set_client = @saved_cs_client */;

--
-- Dumping data for table `discos_duros`
--

LOCK TABLES `discos_duros` WRITE;
/*!40000 ALTER TABLE `discos_duros` DISABLE KEYS */;
INSERT INTO `discos_duros` VALUES (8,5,'240GB','SSD','SATA III','2026-01-20 01:19:41','2026-01-20 01:19:41'),(12,9,'240GB','SSD','SATA III','2026-01-20 02:05:32','2026-01-20 02:05:32'),(13,10,'120GB','SSD','SATA III','2026-01-20 23:25:56','2026-01-20 23:25:56'),(14,11,'120GB','SSD','SATA III','2026-01-20 23:48:56','2026-01-20 23:48:56'),(15,12,'1TB','HDD','SATA III','2026-01-20 23:57:44','2026-01-20 23:57:44'),(16,13,'240GB','SSD','SATA III','2026-01-21 00:05:31','2026-01-21 00:05:31'),(17,14,'500GB','SSD','SATA III','2026-01-21 00:10:43','2026-01-21 00:10:43'),(18,15,'240GB','SSD','SATA III','2026-01-21 00:29:48','2026-01-21 00:29:48'),(19,16,'240GB','SSD','SATA III','2026-01-21 00:33:12','2026-01-21 00:33:12'),(20,17,'500GB','SSD','SATA III','2026-01-21 00:38:51','2026-01-21 00:38:51'),(21,18,'240GB','SSD','SATA III','2026-01-21 00:47:03','2026-01-21 00:47:03'),(22,19,'1TB','HDD','SATA III','2026-01-21 01:03:41','2026-01-21 01:03:41'),(23,20,'1TB','HDD','SATA III','2026-01-21 01:06:48','2026-01-21 01:06:48'),(24,21,'240GB','SSD','SATA III','2026-01-21 01:16:46','2026-01-21 01:16:46'),(25,22,'512GB','SSD','SATA III','2026-01-21 01:40:29','2026-01-21 01:40:29'),(26,23,'120GB','SSD','SATA III','2026-01-21 01:52:55','2026-01-21 01:52:55'),(27,24,'1TB','HDD','SATA III','2026-01-21 01:56:12','2026-01-21 01:56:12'),(28,25,'500GB','SSD','SATA III','2026-01-21 02:03:24','2026-01-21 02:03:24'),(29,26,'120GB','SSD','SATA III','2026-01-21 04:13:57','2026-01-21 04:13:57'),(30,27,'240GB','SSD','SATA III','2026-01-21 04:20:29','2026-01-21 04:20:29'),(31,28,'240GB','SSD','SATA III','2026-01-21 04:26:38','2026-01-21 04:26:38'),(32,29,'512GB','SSD','SATA III','2026-01-21 04:30:18','2026-01-21 04:30:18'),(33,30,'1TB','SSD','SATA III','2026-01-21 04:39:17','2026-01-21 04:39:17'),(34,31,'1TB','HDD','SATA III','2026-01-21 05:41:45','2026-01-21 05:41:45'),(35,32,'240GB','SSD','SATA III','2026-01-21 05:54:31','2026-01-21 05:54:31'),(36,33,'500GB','SSD','SATA III','2026-01-21 05:59:50','2026-01-21 05:59:50');
/*!40000 ALTER TABLE `discos_duros` ENABLE KEYS */;
UNLOCK TABLES;

--
-- Table structure for table `equipos`
--

DROP TABLE IF EXISTS `equipos`;
/*!40101 SET @saved_cs_client     = @@character_set_client */;
/*!40101 SET character_set_client = utf8 */;
CREATE TABLE `equipos` (
  `id` bigint(20) unsigned NOT NULL AUTO_INCREMENT,
  `marca_equipo` varchar(255) DEFAULT NULL COMMENT 'Ej. Lenovo, Dell',
  `tipo_equipo` varchar(255) NOT NULL,
  `serial` varchar(255) NOT NULL,
  `sistema_operativo` varchar(100) NOT NULL,
  `usuario_id` bigint(20) unsigned NOT NULL,
  `ubicacion_id` bigint(20) unsigned NOT NULL,
  `valor_inicial` decimal(8,2) NOT NULL,
  `fecha_adquisicion` date NOT NULL,
  `vida_util_estimada` varchar(255) NOT NULL,
  `created_at` timestamp NULL DEFAULT NULL,
  `updated_at` timestamp NULL DEFAULT NULL,
  PRIMARY KEY (`id`),
  KEY `equipos_ubicacion_id_foreign` (`ubicacion_id`),
  KEY `equipos_usuario_id_foreign` (`usuario_id`),
  CONSTRAINT `equipos_ubicacion_id_foreign` FOREIGN KEY (`ubicacion_id`) REFERENCES `ubicaciones` (`id`) ON DELETE CASCADE,
  CONSTRAINT `equipos_usuario_id_foreign` FOREIGN KEY (`usuario_id`) REFERENCES `users` (`id`) ON DELETE CASCADE
) ENGINE=InnoDB AUTO_INCREMENT=34 DEFAULT CHARSET=utf8mb4 COLLATE=utf8mb4_unicode_ci;
/*!40101 SET character_set_client = @saved_cs_client */;

--
-- Dumping data for table `equipos`
--

LOCK TABLES `equipos` WRITE;
/*!40000 ALTER TABLE `equipos` DISABLE KEYS */;
INSERT INTO `equipos` VALUES (4,'Lenovo','Laptop','9876543wsdftyui','Ubuntu',74,1,14000.00,'2025-12-12','7 años','2026-01-17 01:49:18','2026-01-17 01:49:57'),(5,'ASUS','PC Escritorio','NO','Windows 11',2,1,1.00,'2026-01-01','5','2026-01-20 01:19:41','2026-01-20 01:19:41'),(9,'Acer','PC Escritorio','B2K7Z6N1R9UC','Windows 11',34,1,1.00,'2026-01-01','5','2026-01-20 02:05:32','2026-01-20 02:05:32'),(10,'Acer','PC Escritorio','V6W2A9M1K7RT','Windows 10',18,1,1.00,'2026-01-01','5','2026-01-20 23:25:56','2026-01-20 23:25:56'),(11,'GHIA','PC Escritorio','NO','Windows 10',58,1,1.00,'2026-01-01','5','2026-01-20 23:48:55','2026-01-20 23:48:55'),(12,'HP','PC Escritorio','T1M5B9L4X7PE','Windows 10',41,1,1.00,'2026-01-01','5','2026-01-20 23:57:44','2026-01-20 23:57:44'),(13,'HP','PC Escritorio','R3C8V2N5Q1ZH','Windows 11',22,1,1.00,'2026-01-01','5','2026-01-21 00:05:31','2026-01-21 00:05:31'),(14,'HP','PC Escritorio','K9E4X3T7M6AB','Windows 10',21,1,1.00,'2026-01-01','5','2026-01-21 00:10:43','2026-01-21 00:10:43'),(15,'HP','All in One','S7W1L2Z8N5PC','Windows 10',44,1,1.00,'2026-01-01','5','2026-01-21 00:29:48','2026-01-21 00:29:48'),(16,'HP','All in One','J2B9K5Y3M1TX','Windows 10',43,1,1.00,'2026-01-01','5','2026-01-21 00:33:10','2026-01-21 00:33:10'),(17,'Lenovo','All in One','E6R3Q1Z9V7NB','Windows 10',40,1,1.00,'2026-01-01','5','2026-01-21 00:38:50','2026-01-21 00:38:50'),(18,'Lenovo','All in One','U8M4C7T2K9WL','Windows 10',37,1,1.00,'2026-01-01','5','2026-01-21 00:47:02','2026-01-21 00:47:02'),(19,'HP','All in One','N1T7P3L6Z4WB','Windows 11',59,1,0.00,'2026-01-01','5','2026-01-21 01:03:41','2026-01-21 01:03:41'),(20,'HP','All in One','C2V6M8Y1K9RT','Windows 10',30,1,0.00,'2026-01-01','5','2026-01-21 01:06:47','2026-01-21 01:06:47'),(21,'HP','PC Escritorio','MXL8341XBM','Windows 10',30,1,0.00,'2026-01-01','5','2026-01-21 01:16:45','2026-01-21 01:16:45'),(22,'HP','Laptop','Y6Z2V3T9K1LP','Windows 10',75,1,0.00,'2026-01-01','5','2026-01-21 01:40:29','2026-01-21 01:40:29'),(23,'HP','Laptop','A4N7X1M5Q2BE','Windows 10',76,1,0.00,'2026-01-01','5','2026-01-21 01:52:54','2026-01-21 01:52:54'),(24,'Lenovo','Laptop','P9L3T8K7V1WC','Windows 10',60,1,0.00,'2026-01-01','5','2026-01-21 01:56:12','2026-01-21 01:56:12'),(25,'Lenovo','All in One','K1P6T8W2L9MV','Windows 10',77,1,0.00,'2026-01-01','5','2026-01-21 02:03:23','2026-01-21 02:03:23'),(26,'Lenovo','Laptop','MPNX85A1200Q','Windows 10',67,1,0.00,'2026-01-01','5','2026-01-21 04:13:57','2026-01-21 04:13:57'),(27,'Dell','Laptop','BMGQ904','Windows 11',68,1,0.00,'2026-01-01','5','2026-01-21 04:20:29','2026-01-21 04:20:29'),(28,'Dell','Laptop','75DQ904','Windows 11',78,1,0.00,'2026-01-01','5','2026-01-21 04:26:37','2026-01-21 04:26:37'),(29,'Dell','Laptop','J3DR904','Windows 11',79,1,0.00,'2026-01-01','5','2026-01-21 04:30:18','2026-01-21 04:30:18'),(30,'HP','Laptop','Z9B1X5T6P3MW','Windows 10',80,1,0.00,'2026-01-01','5','2026-01-21 04:39:17','2026-01-21 04:39:17'),(31,'HP','Laptop','SN','Windows 10',37,1,0.00,'2026-01-01','5','2026-01-21 05:41:44','2026-01-21 05:41:44'),(32,'Dell','Laptop','R1L3M7W8X9QC','Windows 11',62,1,0.00,'2026-01-01','5','2026-01-21 05:54:31','2026-01-21 05:54:31'),(33,'Lenovo','PC Escritorio','U7Z3P8K1N6LX','Windows 10',64,1,0.00,'2026-01-01','5','2026-01-21 05:59:50','2026-01-21 05:59:50');
/*!40000 ALTER TABLE `equipos` ENABLE KEYS */;
UNLOCK TABLES;

--
-- Table structure for table `historiales_log`
--

DROP TABLE IF EXISTS `historiales_log`;
/*!40101 SET @saved_cs_client     = @@character_set_client */;
/*!40101 SET character_set_client = utf8 */;
CREATE TABLE `historiales_log` (
  `id` bigint(20) unsigned NOT NULL AUTO_INCREMENT,
  `activo_id` bigint(20) unsigned NOT NULL,
  `usuario_accion_id` bigint(20) unsigned NOT NULL,
  `tipo_registro` varchar(255) NOT NULL,
  `detalles_json` longtext CHARACTER SET utf8mb4 COLLATE utf8mb4_bin DEFAULT NULL CHECK (json_valid(`detalles_json`)),
  `created_at` timestamp NULL DEFAULT NULL,
  `updated_at` timestamp NULL DEFAULT NULL,
  PRIMARY KEY (`id`),
  KEY `historiales_log_usuario_accion_id_foreign` (`usuario_accion_id`),
  KEY `historiales_log_activo_id_foreign` (`activo_id`),
  CONSTRAINT `historiales_log_activo_id_foreign` FOREIGN KEY (`activo_id`) REFERENCES `equipos` (`id`) ON DELETE CASCADE,
  CONSTRAINT `historiales_log_usuario_accion_id_foreign` FOREIGN KEY (`usuario_accion_id`) REFERENCES `users` (`id`)
) ENGINE=InnoDB AUTO_INCREMENT=263 DEFAULT CHARSET=utf8mb4 COLLATE=utf8mb4_unicode_ci;
/*!40101 SET character_set_client = @saved_cs_client */;

--
-- Dumping data for table `historiales_log`
--

LOCK TABLES `historiales_log` WRITE;
/*!40000 ALTER TABLE `historiales_log` DISABLE KEYS */;
INSERT INTO `historiales_log` VALUES (46,4,1,'CREATE','{\"mensaje\":\"Creacion de Equipo\",\"usuario_asignado\":\"johan jael\",\"rol\":\"INVITADO\",\"datos\":{\"serial\":\"9876543wsdftyui\",\"usuario_id\":\"74\",\"valor_inicial\":\"14000\",\"fecha_adquisicion\":\"2025-12-12\",\"vida_util_estimada\":\"7\",\"marca_equipo\":\"Lenovo\",\"tipo_equipo\":\"Laptop\",\"sistema_operativo\":\"Ubuntu\",\"ubicacion_id\":\"1\",\"updated_at\":\"2026-01-16T19:49:18.000000Z\",\"created_at\":\"2026-01-16T19:49:18.000000Z\",\"id\":4,\"usuario\":{\"id\":74,\"name\":\"johan jael\",\"email\":\"johan@pihcsa.com\",\"rol\":\"INVITADO\",\"departamento\":\"SISTEMAS\",\"estatus\":\"ACTIVO\",\"created_at\":\"2026-01-15T19:37:47.000000Z\",\"updated_at\":\"2026-01-16T16:25:48.000000Z\"}}}','2026-01-17 01:49:18','2026-01-17 01:49:18'),(47,4,1,'CREATE','{\"mensaje\":\"Creacion de Equipo\",\"usuario_asignado\":\"johan jael\",\"rol\":\"INVITADO\",\"datos\":{\"serial\":\"9876543wsdftyui\",\"usuario_id\":\"74\",\"valor_inicial\":\"14000\",\"fecha_adquisicion\":\"2025-12-12\",\"vida_util_estimada\":\"7\",\"marca_equipo\":\"Lenovo\",\"tipo_equipo\":\"Laptop\",\"sistema_operativo\":\"Ubuntu\",\"ubicacion_id\":\"1\",\"updated_at\":\"2026-01-16T19:49:18.000000Z\",\"created_at\":\"2026-01-16T19:49:18.000000Z\",\"id\":4,\"usuario\":{\"id\":74,\"name\":\"johan jael\",\"email\":\"johan@pihcsa.com\",\"rol\":\"INVITADO\",\"departamento\":\"SISTEMAS\",\"estatus\":\"ACTIVO\",\"created_at\":\"2026-01-15T19:37:47.000000Z\",\"updated_at\":\"2026-01-16T16:25:48.000000Z\"}}}','2026-01-17 01:49:18','2026-01-17 01:49:18'),(48,4,1,'CREATE','{\"mensaje\":\"NUEVO COMPONENTE: Se instal\\u00f3 una unidad de almacenamiento\",\"usuario_asignado\":\"johan jael\",\"rol\":\"INVITADO\",\"cambios\":{\"Disco Duro \\/ SSD\":{\"antes\":\"Inexistente\",\"despues\":\"<ul class=\'list-unstyled mb-0\'><li><b>Capacidad:<\\/b> 1TB<\\/li><li><b>Tipo:<\\/b> SSD<\\/li><li><b>Interface:<\\/b> SATA III<\\/li><\\/ul>\"}}}','2026-01-17 01:49:18','2026-01-17 01:49:18'),(49,4,1,'CREATE','{\"mensaje\":\"NUEVO COMPONENTE: Se sum\\u00f3 una Ram\",\"usuario_asignado\":\"johan jael\",\"rol\":\"INVITADO\",\"cambios\":{\"Ram Adicional\":{\"antes\":\"Inexistente\",\"despues\":\"<ul class=\'list-unstyled mb-0\'><li><b>Capacidad en GB:<\\/b> 8<\\/li><li><b>Clock Mhz:<\\/b> 3200<\\/li><li><b>Tipo CHZ:<\\/b> DDR3\\\"<\\/li><\\/ul>\"}}}','2026-01-17 01:49:19','2026-01-17 01:49:19'),(50,4,1,'CREATE','{\"mensaje\":\"NUEVO COMPONENTE: Se sum\\u00f3 un Periferico\",\"usuario_asignado\":\"johan jael\",\"rol\":\"INVITADO\",\"cambios\":{\"Periferico Adicional\":{\"antes\":\"Inexistente\",\"despues\":\"<ul class=\'list-unstyled mb-0\'><li><b>Tipo:<\\/b> Mouse<\\/li><li><b>Marca:<\\/b> Temu<\\/li><li><b>Serial:<\\/b> 98765esdfgyui\\\"<\\/li><li><b>Interface:<\\/b> Bluetooth<\\/li><\\/ul>\"}}}','2026-01-17 01:49:19','2026-01-17 01:49:19'),(51,4,1,'CREATE','{\"mensaje\":\"NUEVO COMPONENTE: Se sum\\u00f3 un procesador\",\"usuario_asignado\":\"johan jael\",\"rol\":\"INVITADO\",\"cambios\":{\"Procesador Adicional\":{\"antes\":\"Inexistente\",\"despues\":\"<ul class=\'list-unstyled mb-0\'><li><b>Marca:<\\/b> Rizend<\\/li><li><b>S\\/N:<\\/b> Ryzen 3<\\/li><\\/ul>\"}}}','2026-01-17 01:49:19','2026-01-17 01:49:19'),(52,4,1,'UPDATE','{\"mensaje\":\"Se modificaron campos del equipo\",\"usuario_asignado\":\"johan jael\",\"rol\":\"INVITADO\",\"cambios\":{\"vida_util_estimada\":{\"antes\":\"7\",\"despues\":\"7 a\\u00f1os\"}}}','2026-01-17 01:49:57','2026-01-17 01:49:57'),(53,4,1,'DELETE','{\"mensaje\":\"COMPONENTE ELIMINADO: Se retir\\u00f3 un Periferico del equipo\",\"usuario_asignado\":\"johan jael\",\"rol\":\"INVITADO\",\"cambios\":{\"Periferico Retirado\":{\"antes\":\"Tipo: Mouse | Marca: Temu | Serial: 98765esdfgyui\\n                            | Interface: Bluetooth\",\"despues\":\"ELIMINADO\"}},\"respaldo\":{\"id\":15,\"equipo_id\":4,\"tipo\":\"Mouse\",\"marca\":\"Temu\",\"serial\":\"98765esdfgyui\",\"interface\":\"Bluetooth\",\"created_at\":\"2026-01-16T19:49:19.000000Z\",\"updated_at\":\"2026-01-16T19:49:19.000000Z\"}}','2026-01-17 01:49:57','2026-01-17 01:49:57'),(54,4,1,'DELETE','{\"mensaje\":\"COMPONENTE ELIMINADO: Se retir\\u00f3 una Ram del equipo\",\"usuario_asignado\":\"johan jael\",\"rol\":\"INVITADO\",\"cambios\":{\"Ram Retirada\":{\"antes\":\"Capacidad en GB: 8 | Clock Mhz: 3200\\n                        | Tipo de CHZ: DDR3\",\"despues\":\"ELIMINADO\"}},\"respaldo\":{\"id\":10,\"equipo_id\":4,\"capacidad_gb\":\"8\",\"clock_mhz\":\"3200\",\"tipo_chz\":\"DDR3\",\"created_at\":\"2026-01-16T19:49:18.000000Z\",\"updated_at\":\"2026-01-16T19:49:18.000000Z\"}}','2026-01-17 01:49:58','2026-01-17 01:49:58'),(55,4,1,'DELETE','{\"mensaje\":\"COMPONENTE ELIMINADO: Se retir\\u00f3 un procesador del equipo\",\"usuario_asignado\":\"johan jael\",\"rol\":\"INVITADO\",\"cambios\":{\"Procesador Retirado\":{\"antes\":\"Marca: Rizend | Desc: Ryzen 3\",\"despues\":\"ELIMINADO\"}},\"respaldo\":{\"id\":11,\"equipo_id\":4,\"marca\":\"Rizend\",\"descripcion_tipo\":\"Ryzen 3\",\"created_at\":\"2026-01-16T19:49:19.000000Z\",\"updated_at\":\"2026-01-16T19:49:19.000000Z\"}}','2026-01-17 01:49:58','2026-01-17 01:49:58'),(56,4,1,'DELETE','{\"mensaje\":\"COMPONENTE ELIMINADO: Se retir\\u00f3 un Disco Duro del equipo\",\"usuario_asignado\":\"johan jael\",\"rol\":\"INVITADO\",\"cambios\":{\"Disco Duro Retirado\":{\"antes\":\"Marca: 1TB | Tipo de HDD SSD: SSD\\n                            | Interface: SATA III\",\"despues\":\"ELIMINADO\"}},\"respaldo\":{\"id\":6,\"equipo_id\":4,\"capacidad\":\"1TB\",\"tipo_hdd_ssd\":\"SSD\",\"interface\":\"SATA III\",\"created_at\":\"2026-01-16T19:49:18.000000Z\",\"updated_at\":\"2026-01-16T19:49:18.000000Z\"}}','2026-01-17 01:49:58','2026-01-17 01:49:58'),(57,4,1,'CREATE','{\"mensaje\":\"NUEVO COMPONENTE: Se sum\\u00f3 un Periferico\",\"usuario_asignado\":\"johan jael\",\"rol\":\"INVITADO\",\"cambios\":{\"Periferico Adicional\":{\"antes\":\"Inexistente\",\"despues\":\"<ul class=\'list-unstyled mb-0\'><li><b>Tipo:<\\/b> Rat\\u00f3n<\\/li><li><b>Marca:<\\/b> Logitech<\\/li><li><b>Serial:<\\/b> 987tfgyui\\\"<\\/li><li><b>Interface:<\\/b> USB-B<\\/li><\\/ul>\"}}}','2026-01-17 01:51:37','2026-01-17 01:51:37'),(58,4,1,'CREATE','{\"mensaje\":\"NUEVO COMPONENTE: Se sum\\u00f3 una Ram\",\"usuario_asignado\":\"johan jael\",\"rol\":\"INVITADO\",\"cambios\":{\"Ram Adicional\":{\"antes\":\"Inexistente\",\"despues\":\"<ul class=\'list-unstyled mb-0\'><li><b>Capacidad en GB:<\\/b> 48<\\/li><li><b>Clock Mhz:<\\/b> 1600<\\/li><li><b>Tipo CHZ:<\\/b> DDR2\\\"<\\/li><\\/ul>\"}}}','2026-01-17 01:51:37','2026-01-17 01:51:37'),(59,4,1,'CREATE','{\"mensaje\":\"NUEVO COMPONENTE: Se sum\\u00f3 un procesador\",\"usuario_asignado\":\"johan jael\",\"rol\":\"INVITADO\",\"cambios\":{\"Procesador Adicional\":{\"antes\":\"Inexistente\",\"despues\":\"<ul class=\'list-unstyled mb-0\'><li><b>Marca:<\\/b> AMD<\\/li><li><b>S\\/N:<\\/b> efewe<\\/li><\\/ul>\"}}}','2026-01-17 01:51:38','2026-01-17 01:51:38'),(60,4,1,'CREATE','{\"mensaje\":\"NUEVO COMPONENTE: Se sum\\u00f3 un monitor\",\"usuario_asignado\":\"johan jael\",\"rol\":\"INVITADO\",\"cambios\":{\"Monitor Adicional\":{\"antes\":\"Inexistente\",\"despues\":\"<ul class=\'list-unstyled mb-0\'><li><b>Marca:<\\/b> Dell<\\/li><li><b>S\\/N:<\\/b> fdew<\\/li><li><b>Escala:<\\/b> 15\\\"<\\/li><li><b>Interface:<\\/b> DisplayPort (DP)<\\/li><\\/ul>\"}}}','2026-01-17 01:51:38','2026-01-17 01:51:38'),(61,4,1,'CREATE','{\"mensaje\":\"NUEVO COMPONENTE: Se instal\\u00f3 una unidad de almacenamiento\",\"usuario_asignado\":\"johan jael\",\"rol\":\"INVITADO\",\"cambios\":{\"Disco Duro \\/ SSD\":{\"antes\":\"Inexistente\",\"despues\":\"<ul class=\'list-unstyled mb-0\'><li><b>Capacidad:<\\/b> 4TB<\\/li><li><b>Tipo:<\\/b> SATA SSD<\\/li><li><b>Interface:<\\/b> USB-C<\\/li><\\/ul>\"}}}','2026-01-17 01:51:38','2026-01-17 01:51:38'),(62,4,1,'DELETE','{\"mensaje\":\"COMPONENTE ELIMINADO: Se retir\\u00f3 un Periferico del equipo\",\"usuario_asignado\":\"johan jael\",\"rol\":\"INVITADO\",\"cambios\":{\"Periferico Retirado\":{\"antes\":\"Tipo: Rat\\u00f3n | Marca: Logitech | Serial: 987tfgyui\\n                            | Interface: USB-B\",\"despues\":\"ELIMINADO\"}},\"respaldo\":{\"id\":16,\"equipo_id\":4,\"tipo\":\"Rat\\u00f3n\",\"marca\":\"Logitech\",\"serial\":\"987tfgyui\",\"interface\":\"USB-B\",\"created_at\":\"2026-01-16T19:51:37.000000Z\",\"updated_at\":\"2026-01-16T19:51:37.000000Z\"}}','2026-01-17 01:52:00','2026-01-17 01:52:00'),(63,4,1,'DELETE','{\"mensaje\":\"COMPONENTE ELIMINADO: Se retir\\u00f3 una Ram del equipo\",\"usuario_asignado\":\"johan jael\",\"rol\":\"INVITADO\",\"cambios\":{\"Ram Retirada\":{\"antes\":\"Capacidad en GB: 48 | Clock Mhz: 1600\\n                        | Tipo de CHZ: DDR2\",\"despues\":\"ELIMINADO\"}},\"respaldo\":{\"id\":11,\"equipo_id\":4,\"capacidad_gb\":\"48\",\"clock_mhz\":\"1600\",\"tipo_chz\":\"DDR2\",\"created_at\":\"2026-01-16T19:51:37.000000Z\",\"updated_at\":\"2026-01-16T19:51:37.000000Z\"}}','2026-01-17 01:52:00','2026-01-17 01:52:00'),(64,4,1,'DELETE','{\"mensaje\":\"COMPONENTE ELIMINADO: Se retir\\u00f3 un procesador del equipo\",\"usuario_asignado\":\"johan jael\",\"rol\":\"INVITADO\",\"cambios\":{\"Procesador Retirado\":{\"antes\":\"Marca: AMD | Desc: efewe\",\"despues\":\"ELIMINADO\"}},\"respaldo\":{\"id\":12,\"equipo_id\":4,\"marca\":\"AMD\",\"descripcion_tipo\":\"efewe\",\"created_at\":\"2026-01-16T19:51:38.000000Z\",\"updated_at\":\"2026-01-16T19:51:38.000000Z\"}}','2026-01-17 01:52:01','2026-01-17 01:52:01'),(65,4,1,'DELETE','{\"mensaje\":\"COMPONENTE ELIMINADO: Se retir\\u00f3 un monitor del equipo\",\"usuario_asignado\":\"johan jael\",\"rol\":\"INVITADO\",\"cambios\":{\"Monitor Retirado\":{\"antes\":\"Marca: Dell | Serial: fdew,\\n                            | Escala en Pulgadas: 15 | Interface: DisplayPort (DP)\",\"despues\":\"ELIMINADO\"}},\"respaldo\":{\"id\":11,\"equipo_id\":4,\"marca\":\"Dell\",\"serial\":\"fdew\",\"escala_pulgadas\":\"15\",\"interface\":\"DisplayPort (DP)\",\"created_at\":\"2026-01-16T19:51:38.000000Z\",\"updated_at\":\"2026-01-16T19:51:38.000000Z\"}}','2026-01-17 01:52:01','2026-01-17 01:52:01'),(66,4,1,'DELETE','{\"mensaje\":\"COMPONENTE ELIMINADO: Se retir\\u00f3 un Disco Duro del equipo\",\"usuario_asignado\":\"johan jael\",\"rol\":\"INVITADO\",\"cambios\":{\"Disco Duro Retirado\":{\"antes\":\"Marca: 4TB | Tipo de HDD SSD: SATA SSD\\n                            | Interface: USB-C\",\"despues\":\"ELIMINADO\"}},\"respaldo\":{\"id\":7,\"equipo_id\":4,\"capacidad\":\"4TB\",\"tipo_hdd_ssd\":\"SATA SSD\",\"interface\":\"USB-C\",\"created_at\":\"2026-01-16T19:51:38.000000Z\",\"updated_at\":\"2026-01-16T19:51:38.000000Z\"}}','2026-01-17 01:52:01','2026-01-17 01:52:01'),(67,4,1,'MANTENIMIENTO','{\"mensaje\":\"Nuevo Mantenimiento agregado\",\"usuario_asignado\":\"conexion mal hecha we\",\"rol\":\"conexion mal hecha amor\",\"cambios\":{\"Mantenimiento Creado\":{\"antes\":\"Inexistente\",\"despues\":\"<ul class=\'list-unstyled mb-0\'><li><b>Tipo de Evento:<\\/b> Mantenimiento preventivo<\\/li><li><b>Fecha de Evento<\\/b> 2019-02-11<\\/li><li><b>Contexto del Evento:<\\/b> ...<\\/li><li><b>Costo(De tenerlo):<\\/b> $ <\\/li><\\/ul>\"}}}','2026-01-17 01:53:28','2026-01-17 01:53:28'),(68,5,2,'CREATE','{\"mensaje\":\"Creacion de Equipo\",\"usuario_asignado\":\"Israel Erick Razo Falc\\u00f3n\",\"rol\":\"ADMIN\",\"datos\":{\"serial\":\"NO\",\"usuario_id\":\"2\",\"valor_inicial\":\"1\",\"fecha_adquisicion\":\"2026-01-01\",\"vida_util_estimada\":\"5\",\"marca_equipo\":\"ASUS\",\"tipo_equipo\":\"PC Escritorio\",\"sistema_operativo\":\"Windows 11\",\"ubicacion_id\":\"1\",\"updated_at\":\"2026-01-19T19:19:41.000000Z\",\"created_at\":\"2026-01-19T19:19:41.000000Z\",\"id\":5,\"usuario\":{\"id\":2,\"name\":\"Israel Erick Razo Falc\\u00f3n\",\"email\":\"israel@pihcsa.com\",\"rol\":\"ADMIN\",\"departamento\":\"SISTEMAS\",\"estatus\":\"ACTIVO\",\"created_at\":\"2026-01-14T21:06:18.000000Z\",\"updated_at\":\"2026-01-15T17:32:34.000000Z\"}}}','2026-01-20 01:19:41','2026-01-20 01:19:41'),(69,5,2,'CREATE','{\"mensaje\":\"Creacion de Equipo\",\"usuario_asignado\":\"Israel Erick Razo Falc\\u00f3n\",\"rol\":\"ADMIN\",\"datos\":{\"serial\":\"NO\",\"usuario_id\":\"2\",\"valor_inicial\":\"1\",\"fecha_adquisicion\":\"2026-01-01\",\"vida_util_estimada\":\"5\",\"marca_equipo\":\"ASUS\",\"tipo_equipo\":\"PC Escritorio\",\"sistema_operativo\":\"Windows 11\",\"ubicacion_id\":\"1\",\"updated_at\":\"2026-01-19T19:19:41.000000Z\",\"created_at\":\"2026-01-19T19:19:41.000000Z\",\"id\":5,\"usuario\":{\"id\":2,\"name\":\"Israel Erick Razo Falc\\u00f3n\",\"email\":\"israel@pihcsa.com\",\"rol\":\"ADMIN\",\"departamento\":\"SISTEMAS\",\"estatus\":\"ACTIVO\",\"created_at\":\"2026-01-14T21:06:18.000000Z\",\"updated_at\":\"2026-01-15T17:32:34.000000Z\"}}}','2026-01-20 01:19:41','2026-01-20 01:19:41'),(70,5,2,'CREATE','{\"mensaje\":\"NUEVO COMPONENTE: Se sum\\u00f3 un monitor\",\"usuario_asignado\":\"Israel Erick Razo Falc\\u00f3n\",\"rol\":\"ADMIN\",\"cambios\":{\"Monitor Adicional\":{\"antes\":\"Inexistente\",\"despues\":\"<ul class=\'list-unstyled mb-0\'><li><b>Marca:<\\/b> Acer<\\/li><li><b>S\\/N:<\\/b> SN62107948585<\\/li><li><b>Escala:<\\/b> 20\\\"<\\/li><li><b>Interface:<\\/b> VGA<\\/li><\\/ul>\"}}}','2026-01-20 01:19:41','2026-01-20 01:19:41'),(71,5,2,'CREATE','{\"mensaje\":\"NUEVO COMPONENTE: Se instal\\u00f3 una unidad de almacenamiento\",\"usuario_asignado\":\"Israel Erick Razo Falc\\u00f3n\",\"rol\":\"ADMIN\",\"cambios\":{\"Disco Duro \\/ SSD\":{\"antes\":\"Inexistente\",\"despues\":\"<ul class=\'list-unstyled mb-0\'><li><b>Capacidad:<\\/b> 240GB<\\/li><li><b>Tipo:<\\/b> SSD<\\/li><li><b>Interface:<\\/b> SATA III<\\/li><\\/ul>\"}}}','2026-01-20 01:19:41','2026-01-20 01:19:41'),(72,5,2,'CREATE','{\"mensaje\":\"NUEVO COMPONENTE: Se sum\\u00f3 una Ram\",\"usuario_asignado\":\"Israel Erick Razo Falc\\u00f3n\",\"rol\":\"ADMIN\",\"cambios\":{\"Ram Adicional\":{\"antes\":\"Inexistente\",\"despues\":\"<ul class=\'list-unstyled mb-0\'><li><b>Capacidad en GB:<\\/b> 8<\\/li><li><b>Clock Mhz:<\\/b> 2666<\\/li><li><b>Tipo CHZ:<\\/b> DDR4\\\"<\\/li><\\/ul>\"}}}','2026-01-20 01:19:41','2026-01-20 01:19:41'),(73,5,2,'CREATE','{\"mensaje\":\"NUEVO COMPONENTE: Se sum\\u00f3 un Periferico\",\"usuario_asignado\":\"Israel Erick Razo Falc\\u00f3n\",\"rol\":\"ADMIN\",\"cambios\":{\"Periferico Adicional\":{\"antes\":\"Inexistente\",\"despues\":\"<ul class=\'list-unstyled mb-0\'><li><b>Tipo:<\\/b> Teclado<\\/li><li><b>Marca:<\\/b> Logitech<\\/li><li><b>Serial:<\\/b> 2230MR092FA8\\\"<\\/li><li><b>Interface:<\\/b> USB<\\/li><\\/ul>\"}}}','2026-01-20 01:19:41','2026-01-20 01:19:41'),(74,5,2,'CREATE','{\"mensaje\":\"NUEVO COMPONENTE: Se sum\\u00f3 un procesador\",\"usuario_asignado\":\"Israel Erick Razo Falc\\u00f3n\",\"rol\":\"ADMIN\",\"cambios\":{\"Procesador Adicional\":{\"antes\":\"Inexistente\",\"despues\":\"<ul class=\'list-unstyled mb-0\'><li><b>Marca:<\\/b> AMD<\\/li><li><b>S\\/N:<\\/b> Ryzen 3<\\/li><\\/ul>\"}}}','2026-01-20 01:19:42','2026-01-20 01:19:42'),(90,9,2,'CREATE','{\"mensaje\":\"Creacion de Equipo\",\"usuario_asignado\":\"Hern\\u00e1n Behar Gallegos\",\"rol\":\"INVITADO\",\"datos\":{\"serial\":\"B2K7Z6N1R9UC\",\"usuario_id\":\"34\",\"valor_inicial\":\"1\",\"fecha_adquisicion\":\"2026-01-01\",\"vida_util_estimada\":\"5\",\"marca_equipo\":\"Acer\",\"tipo_equipo\":\"PC Escritorio\",\"sistema_operativo\":\"Windows 11\",\"ubicacion_id\":\"1\",\"updated_at\":\"2026-01-19T20:05:32.000000Z\",\"created_at\":\"2026-01-19T20:05:32.000000Z\",\"id\":9,\"usuario\":{\"id\":34,\"name\":\"Hern\\u00e1n Behar Gallegos\",\"email\":\"hernangallegos@pihcsa.com\",\"rol\":\"INVITADO\",\"departamento\":\"ALMACEN\",\"estatus\":\"ACTIVO\",\"created_at\":\"2026-01-15T15:40:19.000000Z\",\"updated_at\":\"2026-01-15T17:58:34.000000Z\"}}}','2026-01-20 02:05:32','2026-01-20 02:05:32'),(91,9,2,'CREATE','{\"mensaje\":\"Creacion de Equipo\",\"usuario_asignado\":\"Hern\\u00e1n Behar Gallegos\",\"rol\":\"INVITADO\",\"datos\":{\"serial\":\"B2K7Z6N1R9UC\",\"usuario_id\":\"34\",\"valor_inicial\":\"1\",\"fecha_adquisicion\":\"2026-01-01\",\"vida_util_estimada\":\"5\",\"marca_equipo\":\"Acer\",\"tipo_equipo\":\"PC Escritorio\",\"sistema_operativo\":\"Windows 11\",\"ubicacion_id\":\"1\",\"updated_at\":\"2026-01-19T20:05:32.000000Z\",\"created_at\":\"2026-01-19T20:05:32.000000Z\",\"id\":9,\"usuario\":{\"id\":34,\"name\":\"Hern\\u00e1n Behar Gallegos\",\"email\":\"hernangallegos@pihcsa.com\",\"rol\":\"INVITADO\",\"departamento\":\"ALMACEN\",\"estatus\":\"ACTIVO\",\"created_at\":\"2026-01-15T15:40:19.000000Z\",\"updated_at\":\"2026-01-15T17:58:34.000000Z\"}}}','2026-01-20 02:05:32','2026-01-20 02:05:32'),(92,9,2,'CREATE','{\"mensaje\":\"NUEVO COMPONENTE: Se sum\\u00f3 un monitor\",\"usuario_asignado\":\"Hern\\u00e1n Behar Gallegos\",\"rol\":\"INVITADO\",\"cambios\":{\"Monitor Adicional\":{\"antes\":\"Inexistente\",\"despues\":\"<ul class=\'list-unstyled mb-0\'><li><b>Marca:<\\/b> Acer<\\/li><li><b>S\\/N:<\\/b> X9D3QPLM7785<\\/li><li><b>Escala:<\\/b> 20\\\"<\\/li><li><b>Interface:<\\/b> VGA<\\/li><\\/ul>\"}}}','2026-01-20 02:05:32','2026-01-20 02:05:32'),(93,9,2,'CREATE','{\"mensaje\":\"NUEVO COMPONENTE: Se instal\\u00f3 una unidad de almacenamiento\",\"usuario_asignado\":\"Hern\\u00e1n Behar Gallegos\",\"rol\":\"INVITADO\",\"cambios\":{\"Disco Duro \\/ SSD\":{\"antes\":\"Inexistente\",\"despues\":\"<ul class=\'list-unstyled mb-0\'><li><b>Capacidad:<\\/b> 240GB<\\/li><li><b>Tipo:<\\/b> SSD<\\/li><li><b>Interface:<\\/b> SATA III<\\/li><\\/ul>\"}}}','2026-01-20 02:05:32','2026-01-20 02:05:32'),(94,9,2,'CREATE','{\"mensaje\":\"NUEVO COMPONENTE: Se sum\\u00f3 una Ram\",\"usuario_asignado\":\"Hern\\u00e1n Behar Gallegos\",\"rol\":\"INVITADO\",\"cambios\":{\"Ram Adicional\":{\"antes\":\"Inexistente\",\"despues\":\"<ul class=\'list-unstyled mb-0\'><li><b>Capacidad en GB:<\\/b> 12<\\/li><li><b>Clock Mhz:<\\/b> 2666<\\/li><li><b>Tipo CHZ:<\\/b> DDR3\\\"<\\/li><\\/ul>\"}}}','2026-01-20 02:05:32','2026-01-20 02:05:32'),(95,9,2,'CREATE','{\"mensaje\":\"NUEVO COMPONENTE: Se sum\\u00f3 un Periferico\",\"usuario_asignado\":\"Hern\\u00e1n Behar Gallegos\",\"rol\":\"INVITADO\",\"cambios\":{\"Periferico Adicional\":{\"antes\":\"Inexistente\",\"despues\":\"<ul class=\'list-unstyled mb-0\'><li><b>Tipo:<\\/b> Teclado<\\/li><li><b>Marca:<\\/b> Logitech<\\/li><li><b>Serial:<\\/b> 2437MRW22JC8\\\"<\\/li><li><b>Interface:<\\/b> USB<\\/li><\\/ul>\"}}}','2026-01-20 02:05:32','2026-01-20 02:05:32'),(96,9,2,'CREATE','{\"mensaje\":\"NUEVO COMPONENTE: Se sum\\u00f3 un procesador\",\"usuario_asignado\":\"Hern\\u00e1n Behar Gallegos\",\"rol\":\"INVITADO\",\"cambios\":{\"Procesador Adicional\":{\"antes\":\"Inexistente\",\"despues\":\"<ul class=\'list-unstyled mb-0\'><li><b>Marca:<\\/b> Intel<\\/li><li><b>S\\/N:<\\/b> Core i5<\\/li><\\/ul>\"}}}','2026-01-20 02:05:32','2026-01-20 02:05:32'),(103,10,2,'CREATE','{\"mensaje\":\"Creacion de Equipo\",\"usuario_asignado\":\"Cristina Pereznegron\",\"rol\":\"INVITADO\",\"datos\":{\"serial\":\"V6W2A9M1K7RT\",\"usuario_id\":\"18\",\"valor_inicial\":\"1\",\"fecha_adquisicion\":\"2026-01-01\",\"vida_util_estimada\":\"5\",\"marca_equipo\":\"Acer\",\"tipo_equipo\":\"PC Escritorio\",\"sistema_operativo\":\"Windows 10\",\"ubicacion_id\":\"1\",\"updated_at\":\"2026-01-20T17:25:56.000000Z\",\"created_at\":\"2026-01-20T17:25:56.000000Z\",\"id\":10,\"usuario\":{\"id\":18,\"name\":\"Cristina Pereznegron\",\"email\":\"cristina@pihcsa.com\",\"rol\":\"INVITADO\",\"departamento\":\"SISTEMAS\",\"estatus\":\"ACTIVO\",\"created_at\":\"2026-01-15T15:29:56.000000Z\",\"updated_at\":\"2026-01-15T17:44:55.000000Z\"}}}','2026-01-20 23:25:56','2026-01-20 23:25:56'),(104,10,2,'CREATE','{\"mensaje\":\"Creacion de Equipo\",\"usuario_asignado\":\"Cristina Pereznegron\",\"rol\":\"INVITADO\",\"datos\":{\"serial\":\"V6W2A9M1K7RT\",\"usuario_id\":\"18\",\"valor_inicial\":\"1\",\"fecha_adquisicion\":\"2026-01-01\",\"vida_util_estimada\":\"5\",\"marca_equipo\":\"Acer\",\"tipo_equipo\":\"PC Escritorio\",\"sistema_operativo\":\"Windows 10\",\"ubicacion_id\":\"1\",\"updated_at\":\"2026-01-20T17:25:56.000000Z\",\"created_at\":\"2026-01-20T17:25:56.000000Z\",\"id\":10,\"usuario\":{\"id\":18,\"name\":\"Cristina Pereznegron\",\"email\":\"cristina@pihcsa.com\",\"rol\":\"INVITADO\",\"departamento\":\"SISTEMAS\",\"estatus\":\"ACTIVO\",\"created_at\":\"2026-01-15T15:29:56.000000Z\",\"updated_at\":\"2026-01-15T17:44:55.000000Z\"}}}','2026-01-20 23:25:56','2026-01-20 23:25:56'),(105,10,2,'CREATE','{\"mensaje\":\"NUEVO COMPONENTE: Se sum\\u00f3 un monitor\",\"usuario_asignado\":\"Cristina Pereznegron\",\"rol\":\"INVITADO\",\"cambios\":{\"Monitor Adicional\":{\"antes\":\"Inexistente\",\"despues\":\"<ul class=\'list-unstyled mb-0\'><li><b>Marca:<\\/b> Acer<\\/li><li><b>S\\/N:<\\/b> M8X2K7R5Z9N3<\\/li><li><b>Escala:<\\/b> 20\\\"<\\/li><li><b>Interface:<\\/b> VGA<\\/li><\\/ul>\"}}}','2026-01-20 23:25:56','2026-01-20 23:25:56'),(106,10,2,'CREATE','{\"mensaje\":\"NUEVO COMPONENTE: Se instal\\u00f3 una unidad de almacenamiento\",\"usuario_asignado\":\"Cristina Pereznegron\",\"rol\":\"INVITADO\",\"cambios\":{\"Disco Duro \\/ SSD\":{\"antes\":\"Inexistente\",\"despues\":\"<ul class=\'list-unstyled mb-0\'><li><b>Capacidad:<\\/b> 120GB<\\/li><li><b>Tipo:<\\/b> SSD<\\/li><li><b>Interface:<\\/b> SATA III<\\/li><\\/ul>\"}}}','2026-01-20 23:25:56','2026-01-20 23:25:56'),(107,10,2,'CREATE','{\"mensaje\":\"NUEVO COMPONENTE: Se sum\\u00f3 una Ram\",\"usuario_asignado\":\"Cristina Pereznegron\",\"rol\":\"INVITADO\",\"cambios\":{\"Ram Adicional\":{\"antes\":\"Inexistente\",\"despues\":\"<ul class=\'list-unstyled mb-0\'><li><b>Capacidad en GB:<\\/b> 16<\\/li><li><b>Clock Mhz:<\\/b> 2666<\\/li><li><b>Tipo CHZ:<\\/b> DDR3\\\"<\\/li><\\/ul>\"}}}','2026-01-20 23:25:57','2026-01-20 23:25:57'),(108,10,2,'CREATE','{\"mensaje\":\"NUEVO COMPONENTE: Se sum\\u00f3 un Periferico\",\"usuario_asignado\":\"Cristina Pereznegron\",\"rol\":\"INVITADO\",\"cambios\":{\"Periferico Adicional\":{\"antes\":\"Inexistente\",\"despues\":\"<ul class=\'list-unstyled mb-0\'><li><b>Tipo:<\\/b> Teclado<\\/li><li><b>Marca:<\\/b> Logitech<\\/li><li><b>Serial:<\\/b> SN\\\"<\\/li><li><b>Interface:<\\/b> USB<\\/li><\\/ul>\"}}}','2026-01-20 23:25:57','2026-01-20 23:25:57'),(109,10,2,'CREATE','{\"mensaje\":\"NUEVO COMPONENTE: Se sum\\u00f3 un procesador\",\"usuario_asignado\":\"Cristina Pereznegron\",\"rol\":\"INVITADO\",\"cambios\":{\"Procesador Adicional\":{\"antes\":\"Inexistente\",\"despues\":\"<ul class=\'list-unstyled mb-0\'><li><b>Marca:<\\/b> Intel<\\/li><li><b>S\\/N:<\\/b> Core i5<\\/li><\\/ul>\"}}}','2026-01-20 23:25:57','2026-01-20 23:25:57'),(110,11,2,'CREATE','{\"mensaje\":\"Creacion de Equipo\",\"usuario_asignado\":\"Fiorella Figueroa\",\"rol\":\"INVITADO\",\"datos\":{\"serial\":\"NO\",\"usuario_id\":\"58\",\"valor_inicial\":\"1\",\"fecha_adquisicion\":\"2026-01-01\",\"vida_util_estimada\":\"5\",\"marca_equipo\":\"GHIA\",\"tipo_equipo\":\"PC Escritorio\",\"sistema_operativo\":\"Windows 10\",\"ubicacion_id\":\"1\",\"updated_at\":\"2026-01-20T17:48:55.000000Z\",\"created_at\":\"2026-01-20T17:48:55.000000Z\",\"id\":11,\"usuario\":{\"id\":58,\"name\":\"Fiorella Figueroa\",\"email\":\"responsablesanitario@pihcsa.com.mx\",\"rol\":\"INVITADO\",\"departamento\":\"CALIDAD\",\"estatus\":\"ACTIVO\",\"created_at\":\"2026-01-15T18:13:07.000000Z\",\"updated_at\":\"2026-01-15T18:13:07.000000Z\"}}}','2026-01-20 23:48:56','2026-01-20 23:48:56'),(111,11,2,'CREATE','{\"mensaje\":\"Creacion de Equipo\",\"usuario_asignado\":\"Fiorella Figueroa\",\"rol\":\"INVITADO\",\"datos\":{\"serial\":\"NO\",\"usuario_id\":\"58\",\"valor_inicial\":\"1\",\"fecha_adquisicion\":\"2026-01-01\",\"vida_util_estimada\":\"5\",\"marca_equipo\":\"GHIA\",\"tipo_equipo\":\"PC Escritorio\",\"sistema_operativo\":\"Windows 10\",\"ubicacion_id\":\"1\",\"updated_at\":\"2026-01-20T17:48:55.000000Z\",\"created_at\":\"2026-01-20T17:48:55.000000Z\",\"id\":11,\"usuario\":{\"id\":58,\"name\":\"Fiorella Figueroa\",\"email\":\"responsablesanitario@pihcsa.com.mx\",\"rol\":\"INVITADO\",\"departamento\":\"CALIDAD\",\"estatus\":\"ACTIVO\",\"created_at\":\"2026-01-15T18:13:07.000000Z\",\"updated_at\":\"2026-01-15T18:13:07.000000Z\"}}}','2026-01-20 23:48:56','2026-01-20 23:48:56'),(112,11,2,'CREATE','{\"mensaje\":\"NUEVO COMPONENTE: Se sum\\u00f3 un monitor\",\"usuario_asignado\":\"Fiorella Figueroa\",\"rol\":\"INVITADO\",\"cambios\":{\"Monitor Adicional\":{\"antes\":\"Inexistente\",\"despues\":\"<ul class=\'list-unstyled mb-0\'><li><b>Marca:<\\/b> LANIX<\\/li><li><b>S\\/N:<\\/b> SN1993<\\/li><li><b>Escala:<\\/b> 19\\\"<\\/li><li><b>Interface:<\\/b> VGA<\\/li><\\/ul>\"}}}','2026-01-20 23:48:56','2026-01-20 23:48:56'),(113,11,2,'CREATE','{\"mensaje\":\"NUEVO COMPONENTE: Se instal\\u00f3 una unidad de almacenamiento\",\"usuario_asignado\":\"Fiorella Figueroa\",\"rol\":\"INVITADO\",\"cambios\":{\"Disco Duro \\/ SSD\":{\"antes\":\"Inexistente\",\"despues\":\"<ul class=\'list-unstyled mb-0\'><li><b>Capacidad:<\\/b> 120GB<\\/li><li><b>Tipo:<\\/b> SSD<\\/li><li><b>Interface:<\\/b> SATA III<\\/li><\\/ul>\"}}}','2026-01-20 23:48:57','2026-01-20 23:48:57'),(114,11,2,'CREATE','{\"mensaje\":\"NUEVO COMPONENTE: Se sum\\u00f3 una Ram\",\"usuario_asignado\":\"Fiorella Figueroa\",\"rol\":\"INVITADO\",\"cambios\":{\"Ram Adicional\":{\"antes\":\"Inexistente\",\"despues\":\"<ul class=\'list-unstyled mb-0\'><li><b>Capacidad en GB:<\\/b> 8<\\/li><li><b>Clock Mhz:<\\/b> 2400<\\/li><li><b>Tipo CHZ:<\\/b> DDR4\\\"<\\/li><\\/ul>\"}}}','2026-01-20 23:48:57','2026-01-20 23:48:57'),(115,11,2,'CREATE','{\"mensaje\":\"NUEVO COMPONENTE: Se sum\\u00f3 un Periferico\",\"usuario_asignado\":\"Fiorella Figueroa\",\"rol\":\"INVITADO\",\"cambios\":{\"Periferico Adicional\":{\"antes\":\"Inexistente\",\"despues\":\"<ul class=\'list-unstyled mb-0\'><li><b>Tipo:<\\/b> Teclado<\\/li><li><b>Marca:<\\/b> Logitech<\\/li><li><b>Serial:<\\/b> 2103MR1C2088\\\"<\\/li><li><b>Interface:<\\/b> USB<\\/li><\\/ul>\"}}}','2026-01-20 23:48:58','2026-01-20 23:48:58'),(116,11,2,'CREATE','{\"mensaje\":\"NUEVO COMPONENTE: Se sum\\u00f3 un procesador\",\"usuario_asignado\":\"Fiorella Figueroa\",\"rol\":\"INVITADO\",\"cambios\":{\"Procesador Adicional\":{\"antes\":\"Inexistente\",\"despues\":\"<ul class=\'list-unstyled mb-0\'><li><b>Marca:<\\/b> AMD<\\/li><li><b>S\\/N:<\\/b> A8-9600<\\/li><\\/ul>\"}}}','2026-01-20 23:48:58','2026-01-20 23:48:58'),(117,12,2,'CREATE','{\"mensaje\":\"Creacion de Equipo\",\"usuario_asignado\":\"Lorena Posadas\",\"rol\":\"INVITADO\",\"datos\":{\"serial\":\"T1M5B9L4X7PE\",\"usuario_id\":\"41\",\"valor_inicial\":\"1\",\"fecha_adquisicion\":\"2026-01-01\",\"vida_util_estimada\":\"5\",\"marca_equipo\":\"HP\",\"tipo_equipo\":\"PC Escritorio\",\"sistema_operativo\":\"Windows 10\",\"ubicacion_id\":\"1\",\"updated_at\":\"2026-01-20T17:57:44.000000Z\",\"created_at\":\"2026-01-20T17:57:44.000000Z\",\"id\":12,\"usuario\":{\"id\":41,\"name\":\"Lorena Posadas\",\"email\":\"lorena@pihcsa.com\",\"rol\":\"INVITADO\",\"departamento\":\"SISTEMAS\",\"estatus\":\"ACTIVO\",\"created_at\":\"2026-01-15T15:44:43.000000Z\",\"updated_at\":\"2026-01-15T18:01:16.000000Z\"}}}','2026-01-20 23:57:44','2026-01-20 23:57:44'),(118,12,2,'CREATE','{\"mensaje\":\"Creacion de Equipo\",\"usuario_asignado\":\"Lorena Posadas\",\"rol\":\"INVITADO\",\"datos\":{\"serial\":\"T1M5B9L4X7PE\",\"usuario_id\":\"41\",\"valor_inicial\":\"1\",\"fecha_adquisicion\":\"2026-01-01\",\"vida_util_estimada\":\"5\",\"marca_equipo\":\"HP\",\"tipo_equipo\":\"PC Escritorio\",\"sistema_operativo\":\"Windows 10\",\"ubicacion_id\":\"1\",\"updated_at\":\"2026-01-20T17:57:44.000000Z\",\"created_at\":\"2026-01-20T17:57:44.000000Z\",\"id\":12,\"usuario\":{\"id\":41,\"name\":\"Lorena Posadas\",\"email\":\"lorena@pihcsa.com\",\"rol\":\"INVITADO\",\"departamento\":\"SISTEMAS\",\"estatus\":\"ACTIVO\",\"created_at\":\"2026-01-15T15:44:43.000000Z\",\"updated_at\":\"2026-01-15T18:01:16.000000Z\"}}}','2026-01-20 23:57:44','2026-01-20 23:57:44'),(119,12,2,'CREATE','{\"mensaje\":\"NUEVO COMPONENTE: Se sum\\u00f3 un monitor\",\"usuario_asignado\":\"Lorena Posadas\",\"rol\":\"INVITADO\",\"cambios\":{\"Monitor Adicional\":{\"antes\":\"Inexistente\",\"despues\":\"<ul class=\'list-unstyled mb-0\'><li><b>Marca:<\\/b> HP<\\/li><li><b>S\\/N:<\\/b> SNJH97<\\/li><li><b>Escala:<\\/b> 19\\\"<\\/li><li><b>Interface:<\\/b> VGA<\\/li><\\/ul>\"}}}','2026-01-20 23:57:44','2026-01-20 23:57:44'),(120,12,2,'CREATE','{\"mensaje\":\"NUEVO COMPONENTE: Se instal\\u00f3 una unidad de almacenamiento\",\"usuario_asignado\":\"Lorena Posadas\",\"rol\":\"INVITADO\",\"cambios\":{\"Disco Duro \\/ SSD\":{\"antes\":\"Inexistente\",\"despues\":\"<ul class=\'list-unstyled mb-0\'><li><b>Capacidad:<\\/b> 1TB<\\/li><li><b>Tipo:<\\/b> HDD<\\/li><li><b>Interface:<\\/b> SATA III<\\/li><\\/ul>\"}}}','2026-01-20 23:57:44','2026-01-20 23:57:44'),(121,12,2,'CREATE','{\"mensaje\":\"NUEVO COMPONENTE: Se sum\\u00f3 una Ram\",\"usuario_asignado\":\"Lorena Posadas\",\"rol\":\"INVITADO\",\"cambios\":{\"Ram Adicional\":{\"antes\":\"Inexistente\",\"despues\":\"<ul class=\'list-unstyled mb-0\'><li><b>Capacidad en GB:<\\/b> 16<\\/li><li><b>Clock Mhz:<\\/b> 2666<\\/li><li><b>Tipo CHZ:<\\/b> DDR4\\\"<\\/li><\\/ul>\"}}}','2026-01-20 23:57:44','2026-01-20 23:57:44'),(122,12,2,'CREATE','{\"mensaje\":\"NUEVO COMPONENTE: Se sum\\u00f3 un Periferico\",\"usuario_asignado\":\"Lorena Posadas\",\"rol\":\"INVITADO\",\"cambios\":{\"Periferico Adicional\":{\"antes\":\"Inexistente\",\"despues\":\"<ul class=\'list-unstyled mb-0\'><li><b>Tipo:<\\/b> Teclado<\\/li><li><b>Marca:<\\/b> Logitech<\\/li><li><b>Serial:<\\/b> SN\\\"<\\/li><li><b>Interface:<\\/b> USB<\\/li><\\/ul>\"}}}','2026-01-20 23:57:45','2026-01-20 23:57:45'),(123,12,2,'CREATE','{\"mensaje\":\"NUEVO COMPONENTE: Se sum\\u00f3 un procesador\",\"usuario_asignado\":\"Lorena Posadas\",\"rol\":\"INVITADO\",\"cambios\":{\"Procesador Adicional\":{\"antes\":\"Inexistente\",\"despues\":\"<ul class=\'list-unstyled mb-0\'><li><b>Marca:<\\/b> AMD<\\/li><li><b>S\\/N:<\\/b> A10-9700 R7<\\/li><\\/ul>\"}}}','2026-01-20 23:57:45','2026-01-20 23:57:45'),(124,13,2,'CREATE','{\"mensaje\":\"Creacion de Equipo\",\"usuario_asignado\":\"Emma Hern\\u00e1ndez\",\"rol\":\"INVITADO\",\"datos\":{\"serial\":\"R3C8V2N5Q1ZH\",\"usuario_id\":\"22\",\"valor_inicial\":\"1\",\"fecha_adquisicion\":\"2026-01-01\",\"vida_util_estimada\":\"5\",\"marca_equipo\":\"HP\",\"tipo_equipo\":\"PC Escritorio\",\"sistema_operativo\":\"Windows 11\",\"ubicacion_id\":\"1\",\"updated_at\":\"2026-01-20T18:05:31.000000Z\",\"created_at\":\"2026-01-20T18:05:31.000000Z\",\"id\":13,\"usuario\":{\"id\":22,\"name\":\"Emma Hern\\u00e1ndez\",\"email\":\"emma@pihcsa.com\",\"rol\":\"INVITADO\",\"departamento\":\"SISTEMAS\",\"estatus\":\"ACTIVO\",\"created_at\":\"2026-01-15T15:32:14.000000Z\",\"updated_at\":\"2026-01-15T17:49:05.000000Z\"}}}','2026-01-21 00:05:31','2026-01-21 00:05:31'),(125,13,2,'CREATE','{\"mensaje\":\"Creacion de Equipo\",\"usuario_asignado\":\"Emma Hern\\u00e1ndez\",\"rol\":\"INVITADO\",\"datos\":{\"serial\":\"R3C8V2N5Q1ZH\",\"usuario_id\":\"22\",\"valor_inicial\":\"1\",\"fecha_adquisicion\":\"2026-01-01\",\"vida_util_estimada\":\"5\",\"marca_equipo\":\"HP\",\"tipo_equipo\":\"PC Escritorio\",\"sistema_operativo\":\"Windows 11\",\"ubicacion_id\":\"1\",\"updated_at\":\"2026-01-20T18:05:31.000000Z\",\"created_at\":\"2026-01-20T18:05:31.000000Z\",\"id\":13,\"usuario\":{\"id\":22,\"name\":\"Emma Hern\\u00e1ndez\",\"email\":\"emma@pihcsa.com\",\"rol\":\"INVITADO\",\"departamento\":\"SISTEMAS\",\"estatus\":\"ACTIVO\",\"created_at\":\"2026-01-15T15:32:14.000000Z\",\"updated_at\":\"2026-01-15T17:49:05.000000Z\"}}}','2026-01-21 00:05:31','2026-01-21 00:05:31'),(126,13,2,'CREATE','{\"mensaje\":\"NUEVO COMPONENTE: Se sum\\u00f3 un monitor\",\"usuario_asignado\":\"Emma Hern\\u00e1ndez\",\"rol\":\"INVITADO\",\"cambios\":{\"Monitor Adicional\":{\"antes\":\"Inexistente\",\"despues\":\"<ul class=\'list-unstyled mb-0\'><li><b>Marca:<\\/b> LG<\\/li><li><b>S\\/N:<\\/b> T1C9V4J8L6B2<\\/li><li><b>Escala:<\\/b> 22\\\"<\\/li><li><b>Interface:<\\/b> VGA<\\/li><\\/ul>\"}}}','2026-01-21 00:05:31','2026-01-21 00:05:31'),(127,13,2,'CREATE','{\"mensaje\":\"NUEVO COMPONENTE: Se instal\\u00f3 una unidad de almacenamiento\",\"usuario_asignado\":\"Emma Hern\\u00e1ndez\",\"rol\":\"INVITADO\",\"cambios\":{\"Disco Duro \\/ SSD\":{\"antes\":\"Inexistente\",\"despues\":\"<ul class=\'list-unstyled mb-0\'><li><b>Capacidad:<\\/b> 240GB<\\/li><li><b>Tipo:<\\/b> SSD<\\/li><li><b>Interface:<\\/b> SATA III<\\/li><\\/ul>\"}}}','2026-01-21 00:05:31','2026-01-21 00:05:31'),(128,13,2,'CREATE','{\"mensaje\":\"NUEVO COMPONENTE: Se sum\\u00f3 una Ram\",\"usuario_asignado\":\"Emma Hern\\u00e1ndez\",\"rol\":\"INVITADO\",\"cambios\":{\"Ram Adicional\":{\"antes\":\"Inexistente\",\"despues\":\"<ul class=\'list-unstyled mb-0\'><li><b>Capacidad en GB:<\\/b> 16<\\/li><li><b>Clock Mhz:<\\/b> 2666<\\/li><li><b>Tipo CHZ:<\\/b> DDR4\\\"<\\/li><\\/ul>\"}}}','2026-01-21 00:05:32','2026-01-21 00:05:32'),(129,13,2,'CREATE','{\"mensaje\":\"NUEVO COMPONENTE: Se sum\\u00f3 un Periferico\",\"usuario_asignado\":\"Emma Hern\\u00e1ndez\",\"rol\":\"INVITADO\",\"cambios\":{\"Periferico Adicional\":{\"antes\":\"Inexistente\",\"despues\":\"<ul class=\'list-unstyled mb-0\'><li><b>Tipo:<\\/b> Teclado<\\/li><li><b>Marca:<\\/b> Microsoft<\\/li><li><b>Serial:<\\/b> SN\\\"<\\/li><li><b>Interface:<\\/b> USB<\\/li><\\/ul>\"}}}','2026-01-21 00:05:32','2026-01-21 00:05:32'),(130,13,2,'CREATE','{\"mensaje\":\"NUEVO COMPONENTE: Se sum\\u00f3 un procesador\",\"usuario_asignado\":\"Emma Hern\\u00e1ndez\",\"rol\":\"INVITADO\",\"cambios\":{\"Procesador Adicional\":{\"antes\":\"Inexistente\",\"despues\":\"<ul class=\'list-unstyled mb-0\'><li><b>Marca:<\\/b> AMD<\\/li><li><b>S\\/N:<\\/b> A10-9700 R7<\\/li><\\/ul>\"}}}','2026-01-21 00:05:32','2026-01-21 00:05:32'),(131,14,2,'CREATE','{\"mensaje\":\"Creacion de Equipo\",\"usuario_asignado\":\"Efigenia Su\\u00e1rez\",\"rol\":\"INVITADO\",\"datos\":{\"serial\":\"K9E4X3T7M6AB\",\"usuario_id\":\"21\",\"valor_inicial\":\"1\",\"fecha_adquisicion\":\"2026-01-01\",\"vida_util_estimada\":\"5\",\"marca_equipo\":\"HP\",\"tipo_equipo\":\"PC Escritorio\",\"sistema_operativo\":\"Windows 10\",\"ubicacion_id\":\"1\",\"updated_at\":\"2026-01-20T18:10:43.000000Z\",\"created_at\":\"2026-01-20T18:10:43.000000Z\",\"id\":14,\"usuario\":{\"id\":21,\"name\":\"Efigenia Su\\u00e1rez\",\"email\":\"efigenia@pihcsa.com\",\"rol\":\"INVITADO\",\"departamento\":\"SISTEMAS\",\"estatus\":\"ACTIVO\",\"created_at\":\"2026-01-15T15:31:43.000000Z\",\"updated_at\":\"2026-01-15T17:47:20.000000Z\"}}}','2026-01-21 00:10:43','2026-01-21 00:10:43'),(132,14,2,'CREATE','{\"mensaje\":\"Creacion de Equipo\",\"usuario_asignado\":\"Efigenia Su\\u00e1rez\",\"rol\":\"INVITADO\",\"datos\":{\"serial\":\"K9E4X3T7M6AB\",\"usuario_id\":\"21\",\"valor_inicial\":\"1\",\"fecha_adquisicion\":\"2026-01-01\",\"vida_util_estimada\":\"5\",\"marca_equipo\":\"HP\",\"tipo_equipo\":\"PC Escritorio\",\"sistema_operativo\":\"Windows 10\",\"ubicacion_id\":\"1\",\"updated_at\":\"2026-01-20T18:10:43.000000Z\",\"created_at\":\"2026-01-20T18:10:43.000000Z\",\"id\":14,\"usuario\":{\"id\":21,\"name\":\"Efigenia Su\\u00e1rez\",\"email\":\"efigenia@pihcsa.com\",\"rol\":\"INVITADO\",\"departamento\":\"SISTEMAS\",\"estatus\":\"ACTIVO\",\"created_at\":\"2026-01-15T15:31:43.000000Z\",\"updated_at\":\"2026-01-15T17:47:20.000000Z\"}}}','2026-01-21 00:10:43','2026-01-21 00:10:43'),(133,14,2,'CREATE','{\"mensaje\":\"NUEVO COMPONENTE: Se sum\\u00f3 un monitor\",\"usuario_asignado\":\"Efigenia Su\\u00e1rez\",\"rol\":\"INVITADO\",\"cambios\":{\"Monitor Adicional\":{\"antes\":\"Inexistente\",\"despues\":\"<ul class=\'list-unstyled mb-0\'><li><b>Marca:<\\/b> LG<\\/li><li><b>S\\/N:<\\/b> G1092<\\/li><li><b>Escala:<\\/b> 20\\\"<\\/li><li><b>Interface:<\\/b> VGA<\\/li><\\/ul>\"}}}','2026-01-21 00:10:43','2026-01-21 00:10:43'),(134,14,2,'CREATE','{\"mensaje\":\"NUEVO COMPONENTE: Se instal\\u00f3 una unidad de almacenamiento\",\"usuario_asignado\":\"Efigenia Su\\u00e1rez\",\"rol\":\"INVITADO\",\"cambios\":{\"Disco Duro \\/ SSD\":{\"antes\":\"Inexistente\",\"despues\":\"<ul class=\'list-unstyled mb-0\'><li><b>Capacidad:<\\/b> 500GB<\\/li><li><b>Tipo:<\\/b> SSD<\\/li><li><b>Interface:<\\/b> SATA III<\\/li><\\/ul>\"}}}','2026-01-21 00:10:44','2026-01-21 00:10:44'),(135,14,2,'CREATE','{\"mensaje\":\"NUEVO COMPONENTE: Se sum\\u00f3 una Ram\",\"usuario_asignado\":\"Efigenia Su\\u00e1rez\",\"rol\":\"INVITADO\",\"cambios\":{\"Ram Adicional\":{\"antes\":\"Inexistente\",\"despues\":\"<ul class=\'list-unstyled mb-0\'><li><b>Capacidad en GB:<\\/b> 16<\\/li><li><b>Clock Mhz:<\\/b> 2666<\\/li><li><b>Tipo CHZ:<\\/b> DDR4\\\"<\\/li><\\/ul>\"}}}','2026-01-21 00:10:44','2026-01-21 00:10:44'),(136,14,2,'CREATE','{\"mensaje\":\"NUEVO COMPONENTE: Se sum\\u00f3 un Periferico\",\"usuario_asignado\":\"Efigenia Su\\u00e1rez\",\"rol\":\"INVITADO\",\"cambios\":{\"Periferico Adicional\":{\"antes\":\"Inexistente\",\"despues\":\"<ul class=\'list-unstyled mb-0\'><li><b>Tipo:<\\/b> Teclado<\\/li><li><b>Marca:<\\/b> Logitech<\\/li><li><b>Serial:<\\/b> SN\\\"<\\/li><li><b>Interface:<\\/b> USB<\\/li><\\/ul>\"}}}','2026-01-21 00:10:44','2026-01-21 00:10:44'),(137,14,2,'CREATE','{\"mensaje\":\"NUEVO COMPONENTE: Se sum\\u00f3 un procesador\",\"usuario_asignado\":\"Efigenia Su\\u00e1rez\",\"rol\":\"INVITADO\",\"cambios\":{\"Procesador Adicional\":{\"antes\":\"Inexistente\",\"despues\":\"<ul class=\'list-unstyled mb-0\'><li><b>Marca:<\\/b> Intel<\\/li><li><b>S\\/N:<\\/b> Core i5<\\/li><\\/ul>\"}}}','2026-01-21 00:10:44','2026-01-21 00:10:44'),(138,15,2,'CREATE','{\"mensaje\":\"Creacion de Equipo\",\"usuario_asignado\":\"Nataly Romero\",\"rol\":\"INVITADO\",\"datos\":{\"serial\":\"S7W1L2Z8N5PC\",\"usuario_id\":\"44\",\"valor_inicial\":\"1\",\"fecha_adquisicion\":\"2026-01-01\",\"vida_util_estimada\":\"5\",\"marca_equipo\":\"HP\",\"tipo_equipo\":\"All in One\",\"sistema_operativo\":\"Windows 10\",\"ubicacion_id\":\"1\",\"updated_at\":\"2026-01-20T18:29:48.000000Z\",\"created_at\":\"2026-01-20T18:29:48.000000Z\",\"id\":15,\"usuario\":{\"id\":44,\"name\":\"Nataly Romero\",\"email\":\"nataly@pihcsa.com\",\"rol\":\"INVITADO\",\"departamento\":\"VENTAS\",\"estatus\":\"ACTIVO\",\"created_at\":\"2026-01-15T15:53:49.000000Z\",\"updated_at\":\"2026-01-15T18:03:17.000000Z\"}}}','2026-01-21 00:29:48','2026-01-21 00:29:48'),(139,15,2,'CREATE','{\"mensaje\":\"Creacion de Equipo\",\"usuario_asignado\":\"Nataly Romero\",\"rol\":\"INVITADO\",\"datos\":{\"serial\":\"S7W1L2Z8N5PC\",\"usuario_id\":\"44\",\"valor_inicial\":\"1\",\"fecha_adquisicion\":\"2026-01-01\",\"vida_util_estimada\":\"5\",\"marca_equipo\":\"HP\",\"tipo_equipo\":\"All in One\",\"sistema_operativo\":\"Windows 10\",\"ubicacion_id\":\"1\",\"updated_at\":\"2026-01-20T18:29:48.000000Z\",\"created_at\":\"2026-01-20T18:29:48.000000Z\",\"id\":15,\"usuario\":{\"id\":44,\"name\":\"Nataly Romero\",\"email\":\"nataly@pihcsa.com\",\"rol\":\"INVITADO\",\"departamento\":\"VENTAS\",\"estatus\":\"ACTIVO\",\"created_at\":\"2026-01-15T15:53:49.000000Z\",\"updated_at\":\"2026-01-15T18:03:17.000000Z\"}}}','2026-01-21 00:29:48','2026-01-21 00:29:48'),(140,15,2,'CREATE','{\"mensaje\":\"NUEVO COMPONENTE: Se sum\\u00f3 un monitor\",\"usuario_asignado\":\"Nataly Romero\",\"rol\":\"INVITADO\",\"cambios\":{\"Monitor Adicional\":{\"antes\":\"Inexistente\",\"despues\":\"<ul class=\'list-unstyled mb-0\'><li><b>Marca:<\\/b> HP<\\/li><li><b>S\\/N:<\\/b> INTEGRADO<\\/li><li><b>Escala:<\\/b> 24\\\"<\\/li><li><b>Interface:<\\/b> Integrado<\\/li><\\/ul>\"}}}','2026-01-21 00:29:48','2026-01-21 00:29:48'),(141,15,2,'CREATE','{\"mensaje\":\"NUEVO COMPONENTE: Se instal\\u00f3 una unidad de almacenamiento\",\"usuario_asignado\":\"Nataly Romero\",\"rol\":\"INVITADO\",\"cambios\":{\"Disco Duro \\/ SSD\":{\"antes\":\"Inexistente\",\"despues\":\"<ul class=\'list-unstyled mb-0\'><li><b>Capacidad:<\\/b> 240GB<\\/li><li><b>Tipo:<\\/b> SSD<\\/li><li><b>Interface:<\\/b> SATA III<\\/li><\\/ul>\"}}}','2026-01-21 00:29:48','2026-01-21 00:29:48'),(142,15,2,'CREATE','{\"mensaje\":\"NUEVO COMPONENTE: Se sum\\u00f3 una Ram\",\"usuario_asignado\":\"Nataly Romero\",\"rol\":\"INVITADO\",\"cambios\":{\"Ram Adicional\":{\"antes\":\"Inexistente\",\"despues\":\"<ul class=\'list-unstyled mb-0\'><li><b>Capacidad en GB:<\\/b> 8<\\/li><li><b>Clock Mhz:<\\/b> 2666<\\/li><li><b>Tipo CHZ:<\\/b> DDR4\\\"<\\/li><\\/ul>\"}}}','2026-01-21 00:29:48','2026-01-21 00:29:48'),(143,15,2,'CREATE','{\"mensaje\":\"NUEVO COMPONENTE: Se sum\\u00f3 un Periferico\",\"usuario_asignado\":\"Nataly Romero\",\"rol\":\"INVITADO\",\"cambios\":{\"Periferico Adicional\":{\"antes\":\"Inexistente\",\"despues\":\"<ul class=\'list-unstyled mb-0\'><li><b>Tipo:<\\/b> Teclado<\\/li><li><b>Marca:<\\/b> Logitech<\\/li><li><b>Serial:<\\/b> SN\\\"<\\/li><li><b>Interface:<\\/b> USB<\\/li><\\/ul>\"}}}','2026-01-21 00:29:49','2026-01-21 00:29:49'),(144,16,2,'CREATE','{\"mensaje\":\"Creacion de Equipo\",\"usuario_asignado\":\"Viviana Montserrat Hern\\u00e1ndez\",\"rol\":\"INVITADO\",\"datos\":{\"serial\":\"J2B9K5Y3M1TX\",\"usuario_id\":\"43\",\"valor_inicial\":\"1\",\"fecha_adquisicion\":\"2026-01-01\",\"vida_util_estimada\":\"5\",\"marca_equipo\":\"HP\",\"tipo_equipo\":\"All in One\",\"sistema_operativo\":\"Windows 10\",\"ubicacion_id\":\"1\",\"updated_at\":\"2026-01-20T18:33:10.000000Z\",\"created_at\":\"2026-01-20T18:33:10.000000Z\",\"id\":16,\"usuario\":{\"id\":43,\"name\":\"Viviana Montserrat Hern\\u00e1ndez\",\"email\":\"monse@pihcsa.com\",\"rol\":\"INVITADO\",\"departamento\":\"VENTAS\",\"estatus\":\"ACTIVO\",\"created_at\":\"2026-01-15T15:46:24.000000Z\",\"updated_at\":\"2026-01-15T18:02:43.000000Z\"}}}','2026-01-21 00:33:11','2026-01-21 00:33:11'),(145,16,2,'CREATE','{\"mensaje\":\"Creacion de Equipo\",\"usuario_asignado\":\"Viviana Montserrat Hern\\u00e1ndez\",\"rol\":\"INVITADO\",\"datos\":{\"serial\":\"J2B9K5Y3M1TX\",\"usuario_id\":\"43\",\"valor_inicial\":\"1\",\"fecha_adquisicion\":\"2026-01-01\",\"vida_util_estimada\":\"5\",\"marca_equipo\":\"HP\",\"tipo_equipo\":\"All in One\",\"sistema_operativo\":\"Windows 10\",\"ubicacion_id\":\"1\",\"updated_at\":\"2026-01-20T18:33:10.000000Z\",\"created_at\":\"2026-01-20T18:33:10.000000Z\",\"id\":16,\"usuario\":{\"id\":43,\"name\":\"Viviana Montserrat Hern\\u00e1ndez\",\"email\":\"monse@pihcsa.com\",\"rol\":\"INVITADO\",\"departamento\":\"VENTAS\",\"estatus\":\"ACTIVO\",\"created_at\":\"2026-01-15T15:46:24.000000Z\",\"updated_at\":\"2026-01-15T18:02:43.000000Z\"}}}','2026-01-21 00:33:11','2026-01-21 00:33:11'),(146,16,2,'CREATE','{\"mensaje\":\"NUEVO COMPONENTE: Se sum\\u00f3 un monitor\",\"usuario_asignado\":\"Viviana Montserrat Hern\\u00e1ndez\",\"rol\":\"INVITADO\",\"cambios\":{\"Monitor Adicional\":{\"antes\":\"Inexistente\",\"despues\":\"<ul class=\'list-unstyled mb-0\'><li><b>Marca:<\\/b> HP<\\/li><li><b>S\\/N:<\\/b> INTEGRADO<\\/li><li><b>Escala:<\\/b> 24\\\"<\\/li><li><b>Interface:<\\/b> Integrado<\\/li><\\/ul>\"}}}','2026-01-21 00:33:11','2026-01-21 00:33:11'),(147,16,2,'CREATE','{\"mensaje\":\"NUEVO COMPONENTE: Se instal\\u00f3 una unidad de almacenamiento\",\"usuario_asignado\":\"Viviana Montserrat Hern\\u00e1ndez\",\"rol\":\"INVITADO\",\"cambios\":{\"Disco Duro \\/ SSD\":{\"antes\":\"Inexistente\",\"despues\":\"<ul class=\'list-unstyled mb-0\'><li><b>Capacidad:<\\/b> 240GB<\\/li><li><b>Tipo:<\\/b> SSD<\\/li><li><b>Interface:<\\/b> SATA III<\\/li><\\/ul>\"}}}','2026-01-21 00:33:12','2026-01-21 00:33:12'),(148,16,2,'CREATE','{\"mensaje\":\"NUEVO COMPONENTE: Se sum\\u00f3 una Ram\",\"usuario_asignado\":\"Viviana Montserrat Hern\\u00e1ndez\",\"rol\":\"INVITADO\",\"cambios\":{\"Ram Adicional\":{\"antes\":\"Inexistente\",\"despues\":\"<ul class=\'list-unstyled mb-0\'><li><b>Capacidad en GB:<\\/b> 8<\\/li><li><b>Clock Mhz:<\\/b> 2666<\\/li><li><b>Tipo CHZ:<\\/b> DDR4\\\"<\\/li><\\/ul>\"}}}','2026-01-21 00:33:12','2026-01-21 00:33:12'),(149,16,2,'CREATE','{\"mensaje\":\"NUEVO COMPONENTE: Se sum\\u00f3 un Periferico\",\"usuario_asignado\":\"Viviana Montserrat Hern\\u00e1ndez\",\"rol\":\"INVITADO\",\"cambios\":{\"Periferico Adicional\":{\"antes\":\"Inexistente\",\"despues\":\"<ul class=\'list-unstyled mb-0\'><li><b>Tipo:<\\/b> Teclado<\\/li><li><b>Marca:<\\/b> Logitech<\\/li><li><b>Serial:<\\/b> SN\\\"<\\/li><li><b>Interface:<\\/b> USB<\\/li><\\/ul>\"}}}','2026-01-21 00:33:13','2026-01-21 00:33:13'),(150,16,2,'CREATE','{\"mensaje\":\"NUEVO COMPONENTE: Se sum\\u00f3 un procesador\",\"usuario_asignado\":\"Viviana Montserrat Hern\\u00e1ndez\",\"rol\":\"INVITADO\",\"cambios\":{\"Procesador Adicional\":{\"antes\":\"Inexistente\",\"despues\":\"<ul class=\'list-unstyled mb-0\'><li><b>Marca:<\\/b> Intel<\\/li><li><b>S\\/N:<\\/b> Core i5<\\/li><\\/ul>\"}}}','2026-01-21 00:33:13','2026-01-21 00:33:13'),(151,17,2,'CREATE','{\"mensaje\":\"Creacion de Equipo\",\"usuario_asignado\":\"Lleymi Ch\\u00e1vez\",\"rol\":\"INVITADO\",\"datos\":{\"serial\":\"E6R3Q1Z9V7NB\",\"usuario_id\":\"40\",\"valor_inicial\":\"1\",\"fecha_adquisicion\":\"2026-01-01\",\"vida_util_estimada\":\"5\",\"marca_equipo\":\"Lenovo\",\"tipo_equipo\":\"All in One\",\"sistema_operativo\":\"Windows 10\",\"ubicacion_id\":\"1\",\"updated_at\":\"2026-01-20T18:38:50.000000Z\",\"created_at\":\"2026-01-20T18:38:50.000000Z\",\"id\":17,\"usuario\":{\"id\":40,\"name\":\"Lleymi Ch\\u00e1vez\",\"email\":\"lleimi@pihcsa.com\",\"rol\":\"INVITADO\",\"departamento\":\"SISTEMAS\",\"estatus\":\"ACTIVO\",\"created_at\":\"2026-01-15T15:44:10.000000Z\",\"updated_at\":\"2026-01-15T18:00:56.000000Z\"}}}','2026-01-21 00:38:50','2026-01-21 00:38:50'),(152,17,2,'CREATE','{\"mensaje\":\"Creacion de Equipo\",\"usuario_asignado\":\"Lleymi Ch\\u00e1vez\",\"rol\":\"INVITADO\",\"datos\":{\"serial\":\"E6R3Q1Z9V7NB\",\"usuario_id\":\"40\",\"valor_inicial\":\"1\",\"fecha_adquisicion\":\"2026-01-01\",\"vida_util_estimada\":\"5\",\"marca_equipo\":\"Lenovo\",\"tipo_equipo\":\"All in One\",\"sistema_operativo\":\"Windows 10\",\"ubicacion_id\":\"1\",\"updated_at\":\"2026-01-20T18:38:50.000000Z\",\"created_at\":\"2026-01-20T18:38:50.000000Z\",\"id\":17,\"usuario\":{\"id\":40,\"name\":\"Lleymi Ch\\u00e1vez\",\"email\":\"lleimi@pihcsa.com\",\"rol\":\"INVITADO\",\"departamento\":\"SISTEMAS\",\"estatus\":\"ACTIVO\",\"created_at\":\"2026-01-15T15:44:10.000000Z\",\"updated_at\":\"2026-01-15T18:00:56.000000Z\"}}}','2026-01-21 00:38:50','2026-01-21 00:38:50'),(153,17,2,'CREATE','{\"mensaje\":\"NUEVO COMPONENTE: Se sum\\u00f3 un monitor\",\"usuario_asignado\":\"Lleymi Ch\\u00e1vez\",\"rol\":\"INVITADO\",\"cambios\":{\"Monitor Adicional\":{\"antes\":\"Inexistente\",\"despues\":\"<ul class=\'list-unstyled mb-0\'><li><b>Marca:<\\/b> Lenovo<\\/li><li><b>S\\/N:<\\/b> INTEGRADO<\\/li><li><b>Escala:<\\/b> 24\\\"<\\/li><li><b>Interface:<\\/b> Integrado<\\/li><\\/ul>\"}}}','2026-01-21 00:38:51','2026-01-21 00:38:51'),(154,17,2,'CREATE','{\"mensaje\":\"NUEVO COMPONENTE: Se instal\\u00f3 una unidad de almacenamiento\",\"usuario_asignado\":\"Lleymi Ch\\u00e1vez\",\"rol\":\"INVITADO\",\"cambios\":{\"Disco Duro \\/ SSD\":{\"antes\":\"Inexistente\",\"despues\":\"<ul class=\'list-unstyled mb-0\'><li><b>Capacidad:<\\/b> 500GB<\\/li><li><b>Tipo:<\\/b> SSD<\\/li><li><b>Interface:<\\/b> SATA III<\\/li><\\/ul>\"}}}','2026-01-21 00:38:51','2026-01-21 00:38:51'),(155,17,2,'CREATE','{\"mensaje\":\"NUEVO COMPONENTE: Se sum\\u00f3 una Ram\",\"usuario_asignado\":\"Lleymi Ch\\u00e1vez\",\"rol\":\"INVITADO\",\"cambios\":{\"Ram Adicional\":{\"antes\":\"Inexistente\",\"despues\":\"<ul class=\'list-unstyled mb-0\'><li><b>Capacidad en GB:<\\/b> 16<\\/li><li><b>Clock Mhz:<\\/b> 2666<\\/li><li><b>Tipo CHZ:<\\/b> DDR4\\\"<\\/li><\\/ul>\"}}}','2026-01-21 00:38:52','2026-01-21 00:38:52'),(156,17,2,'CREATE','{\"mensaje\":\"NUEVO COMPONENTE: Se sum\\u00f3 un Periferico\",\"usuario_asignado\":\"Lleymi Ch\\u00e1vez\",\"rol\":\"INVITADO\",\"cambios\":{\"Periferico Adicional\":{\"antes\":\"Inexistente\",\"despues\":\"<ul class=\'list-unstyled mb-0\'><li><b>Tipo:<\\/b> Teclado<\\/li><li><b>Marca:<\\/b> Logitech<\\/li><li><b>Serial:<\\/b> SN\\\"<\\/li><li><b>Interface:<\\/b> USB<\\/li><\\/ul>\"}}}','2026-01-21 00:38:52','2026-01-21 00:38:52'),(157,17,2,'CREATE','{\"mensaje\":\"NUEVO COMPONENTE: Se sum\\u00f3 un procesador\",\"usuario_asignado\":\"Lleymi Ch\\u00e1vez\",\"rol\":\"INVITADO\",\"cambios\":{\"Procesador Adicional\":{\"antes\":\"Inexistente\",\"despues\":\"<ul class=\'list-unstyled mb-0\'><li><b>Marca:<\\/b> Intel<\\/li><li><b>S\\/N:<\\/b> Core i5<\\/li><\\/ul>\"}}}','2026-01-21 00:38:52','2026-01-21 00:38:52'),(158,18,2,'CREATE','{\"mensaje\":\"Creacion de Equipo\",\"usuario_asignado\":\"Ivan Jahyr Nava\",\"rol\":\"INVITADO\",\"datos\":{\"serial\":\"U8M4C7T2K9WL\",\"usuario_id\":\"37\",\"valor_inicial\":\"1\",\"fecha_adquisicion\":\"2026-01-01\",\"vida_util_estimada\":\"5\",\"marca_equipo\":\"Lenovo\",\"tipo_equipo\":\"All in One\",\"sistema_operativo\":\"Windows 10\",\"ubicacion_id\":\"1\",\"updated_at\":\"2026-01-20T18:47:02.000000Z\",\"created_at\":\"2026-01-20T18:47:02.000000Z\",\"id\":18,\"usuario\":{\"id\":37,\"name\":\"Ivan Jahyr Nava\",\"email\":\"ivan@pihcsa.com\",\"rol\":\"INVITADO\",\"departamento\":\"SISTEMAS\",\"estatus\":\"ACTIVO\",\"created_at\":\"2026-01-15T15:42:40.000000Z\",\"updated_at\":\"2026-01-15T17:59:40.000000Z\"}}}','2026-01-21 00:47:02','2026-01-21 00:47:02'),(159,18,2,'CREATE','{\"mensaje\":\"Creacion de Equipo\",\"usuario_asignado\":\"Ivan Jahyr Nava\",\"rol\":\"INVITADO\",\"datos\":{\"serial\":\"U8M4C7T2K9WL\",\"usuario_id\":\"37\",\"valor_inicial\":\"1\",\"fecha_adquisicion\":\"2026-01-01\",\"vida_util_estimada\":\"5\",\"marca_equipo\":\"Lenovo\",\"tipo_equipo\":\"All in One\",\"sistema_operativo\":\"Windows 10\",\"ubicacion_id\":\"1\",\"updated_at\":\"2026-01-20T18:47:02.000000Z\",\"created_at\":\"2026-01-20T18:47:02.000000Z\",\"id\":18,\"usuario\":{\"id\":37,\"name\":\"Ivan Jahyr Nava\",\"email\":\"ivan@pihcsa.com\",\"rol\":\"INVITADO\",\"departamento\":\"SISTEMAS\",\"estatus\":\"ACTIVO\",\"created_at\":\"2026-01-15T15:42:40.000000Z\",\"updated_at\":\"2026-01-15T17:59:40.000000Z\"}}}','2026-01-21 00:47:02','2026-01-21 00:47:02'),(160,18,2,'CREATE','{\"mensaje\":\"NUEVO COMPONENTE: Se sum\\u00f3 un monitor\",\"usuario_asignado\":\"Ivan Jahyr Nava\",\"rol\":\"INVITADO\",\"cambios\":{\"Monitor Adicional\":{\"antes\":\"Inexistente\",\"despues\":\"<ul class=\'list-unstyled mb-0\'><li><b>Marca:<\\/b> Lenovo<\\/li><li><b>S\\/N:<\\/b> INTEGRADO<\\/li><li><b>Escala:<\\/b> 24\\\"<\\/li><li><b>Interface:<\\/b> HDMI<\\/li><\\/ul>\"}}}','2026-01-21 00:47:03','2026-01-21 00:47:03'),(161,18,2,'CREATE','{\"mensaje\":\"NUEVO COMPONENTE: Se instal\\u00f3 una unidad de almacenamiento\",\"usuario_asignado\":\"Ivan Jahyr Nava\",\"rol\":\"INVITADO\",\"cambios\":{\"Disco Duro \\/ SSD\":{\"antes\":\"Inexistente\",\"despues\":\"<ul class=\'list-unstyled mb-0\'><li><b>Capacidad:<\\/b> 240GB<\\/li><li><b>Tipo:<\\/b> SSD<\\/li><li><b>Interface:<\\/b> SATA III<\\/li><\\/ul>\"}}}','2026-01-21 00:47:03','2026-01-21 00:47:03'),(162,18,2,'CREATE','{\"mensaje\":\"NUEVO COMPONENTE: Se sum\\u00f3 una Ram\",\"usuario_asignado\":\"Ivan Jahyr Nava\",\"rol\":\"INVITADO\",\"cambios\":{\"Ram Adicional\":{\"antes\":\"Inexistente\",\"despues\":\"<ul class=\'list-unstyled mb-0\'><li><b>Capacidad en GB:<\\/b> 8<\\/li><li><b>Clock Mhz:<\\/b> 2666<\\/li><li><b>Tipo CHZ:<\\/b> DDR3\\\"<\\/li><\\/ul>\"}}}','2026-01-21 00:47:03','2026-01-21 00:47:03'),(163,18,2,'CREATE','{\"mensaje\":\"NUEVO COMPONENTE: Se sum\\u00f3 un Periferico\",\"usuario_asignado\":\"Ivan Jahyr Nava\",\"rol\":\"INVITADO\",\"cambios\":{\"Periferico Adicional\":{\"antes\":\"Inexistente\",\"despues\":\"<ul class=\'list-unstyled mb-0\'><li><b>Tipo:<\\/b> Teclado<\\/li><li><b>Marca:<\\/b> Logitech<\\/li><li><b>Serial:<\\/b> SN\\\"<\\/li><li><b>Interface:<\\/b> USB<\\/li><\\/ul>\"}}}','2026-01-21 00:47:03','2026-01-21 00:47:03'),(164,18,2,'CREATE','{\"mensaje\":\"NUEVO COMPONENTE: Se sum\\u00f3 un procesador\",\"usuario_asignado\":\"Ivan Jahyr Nava\",\"rol\":\"INVITADO\",\"cambios\":{\"Procesador Adicional\":{\"antes\":\"Inexistente\",\"despues\":\"<ul class=\'list-unstyled mb-0\'><li><b>Marca:<\\/b> Intel<\\/li><li><b>S\\/N:<\\/b> Core i5<\\/li><\\/ul>\"}}}','2026-01-21 00:47:03','2026-01-21 00:47:03'),(165,19,2,'CREATE','{\"mensaje\":\"Creacion de Equipo\",\"usuario_asignado\":\"Ana Quiroz\",\"rol\":\"INVITADO\",\"datos\":{\"serial\":\"N1T7P3L6Z4WB\",\"usuario_id\":\"59\",\"valor_inicial\":0,\"fecha_adquisicion\":\"2026-01-01\",\"vida_util_estimada\":\"5\",\"marca_equipo\":\"HP\",\"tipo_equipo\":\"All in One\",\"sistema_operativo\":\"Windows 11\",\"ubicacion_id\":\"1\",\"updated_at\":\"2026-01-20T19:03:41.000000Z\",\"created_at\":\"2026-01-20T19:03:41.000000Z\",\"id\":19,\"usuario\":{\"id\":59,\"name\":\"Ana Quiroz\",\"email\":\"ventasgobierno03@pihcsa.com.mx\",\"rol\":\"INVITADO\",\"departamento\":\"VENTAS_GOB\",\"estatus\":\"ACTIVO\",\"created_at\":\"2026-01-15T18:14:27.000000Z\",\"updated_at\":\"2026-01-15T18:14:27.000000Z\"}}}','2026-01-21 01:03:41','2026-01-21 01:03:41'),(166,19,2,'CREATE','{\"mensaje\":\"Creacion de Equipo\",\"usuario_asignado\":\"Ana Quiroz\",\"rol\":\"INVITADO\",\"datos\":{\"serial\":\"N1T7P3L6Z4WB\",\"usuario_id\":\"59\",\"valor_inicial\":0,\"fecha_adquisicion\":\"2026-01-01\",\"vida_util_estimada\":\"5\",\"marca_equipo\":\"HP\",\"tipo_equipo\":\"All in One\",\"sistema_operativo\":\"Windows 11\",\"ubicacion_id\":\"1\",\"updated_at\":\"2026-01-20T19:03:41.000000Z\",\"created_at\":\"2026-01-20T19:03:41.000000Z\",\"id\":19,\"usuario\":{\"id\":59,\"name\":\"Ana Quiroz\",\"email\":\"ventasgobierno03@pihcsa.com.mx\",\"rol\":\"INVITADO\",\"departamento\":\"VENTAS_GOB\",\"estatus\":\"ACTIVO\",\"created_at\":\"2026-01-15T18:14:27.000000Z\",\"updated_at\":\"2026-01-15T18:14:27.000000Z\"}}}','2026-01-21 01:03:41','2026-01-21 01:03:41'),(167,19,2,'CREATE','{\"mensaje\":\"NUEVO COMPONENTE: Se sum\\u00f3 un monitor\",\"usuario_asignado\":\"Ana Quiroz\",\"rol\":\"INVITADO\",\"cambios\":{\"Monitor Adicional\":{\"antes\":\"Inexistente\",\"despues\":\"<ul class=\'list-unstyled mb-0\'><li><b>Marca:<\\/b> HP<\\/li><li><b>S\\/N:<\\/b> INTEGRADO<\\/li><li><b>Escala:<\\/b> 24\\\"<\\/li><li><b>Interface:<\\/b> Integrado<\\/li><\\/ul>\"}}}','2026-01-21 01:03:41','2026-01-21 01:03:41'),(168,19,2,'CREATE','{\"mensaje\":\"NUEVO COMPONENTE: Se instal\\u00f3 una unidad de almacenamiento\",\"usuario_asignado\":\"Ana Quiroz\",\"rol\":\"INVITADO\",\"cambios\":{\"Disco Duro \\/ SSD\":{\"antes\":\"Inexistente\",\"despues\":\"<ul class=\'list-unstyled mb-0\'><li><b>Capacidad:<\\/b> 1TB<\\/li><li><b>Tipo:<\\/b> HDD<\\/li><li><b>Interface:<\\/b> SATA III<\\/li><\\/ul>\"}}}','2026-01-21 01:03:41','2026-01-21 01:03:41'),(169,19,2,'CREATE','{\"mensaje\":\"NUEVO COMPONENTE: Se sum\\u00f3 una Ram\",\"usuario_asignado\":\"Ana Quiroz\",\"rol\":\"INVITADO\",\"cambios\":{\"Ram Adicional\":{\"antes\":\"Inexistente\",\"despues\":\"<ul class=\'list-unstyled mb-0\'><li><b>Capacidad en GB:<\\/b> 16<\\/li><li><b>Clock Mhz:<\\/b> 2666<\\/li><li><b>Tipo CHZ:<\\/b> DDR4\\\"<\\/li><\\/ul>\"}}}','2026-01-21 01:03:42','2026-01-21 01:03:42'),(170,19,2,'CREATE','{\"mensaje\":\"NUEVO COMPONENTE: Se sum\\u00f3 un Periferico\",\"usuario_asignado\":\"Ana Quiroz\",\"rol\":\"INVITADO\",\"cambios\":{\"Periferico Adicional\":{\"antes\":\"Inexistente\",\"despues\":\"<ul class=\'list-unstyled mb-0\'><li><b>Tipo:<\\/b> Teclado<\\/li><li><b>Marca:<\\/b> Logitech<\\/li><li><b>Serial:<\\/b> SN\\\"<\\/li><li><b>Interface:<\\/b> USB<\\/li><\\/ul>\"}}}','2026-01-21 01:03:42','2026-01-21 01:03:42'),(171,19,2,'CREATE','{\"mensaje\":\"NUEVO COMPONENTE: Se sum\\u00f3 un procesador\",\"usuario_asignado\":\"Ana Quiroz\",\"rol\":\"INVITADO\",\"cambios\":{\"Procesador Adicional\":{\"antes\":\"Inexistente\",\"despues\":\"<ul class=\'list-unstyled mb-0\'><li><b>Marca:<\\/b> Intel<\\/li><li><b>S\\/N:<\\/b> Core i3<\\/li><\\/ul>\"}}}','2026-01-21 01:03:42','2026-01-21 01:03:42'),(172,20,2,'CREATE','{\"mensaje\":\"Creacion de Equipo\",\"usuario_asignado\":\"Gabriel Puertos Casta\\u00f1eda\",\"rol\":\"INVITADO\",\"datos\":{\"serial\":\"C2V6M8Y1K9RT\",\"usuario_id\":\"30\",\"valor_inicial\":0,\"fecha_adquisicion\":\"2026-01-01\",\"vida_util_estimada\":\"5\",\"marca_equipo\":\"HP\",\"tipo_equipo\":\"All in One\",\"sistema_operativo\":\"Windows 10\",\"ubicacion_id\":\"1\",\"updated_at\":\"2026-01-20T19:06:47.000000Z\",\"created_at\":\"2026-01-20T19:06:47.000000Z\",\"id\":20,\"usuario\":{\"id\":30,\"name\":\"Gabriel Puertos Casta\\u00f1eda\",\"email\":\"gabriel@pihcsa.com\",\"rol\":\"INVITADO\",\"departamento\":\"SISTEMAS\",\"estatus\":\"ACTIVO\",\"created_at\":\"2026-01-15T15:37:13.000000Z\",\"updated_at\":\"2026-01-15T17:55:44.000000Z\"}}}','2026-01-21 01:06:47','2026-01-21 01:06:47'),(173,20,2,'CREATE','{\"mensaje\":\"Creacion de Equipo\",\"usuario_asignado\":\"Gabriel Puertos Casta\\u00f1eda\",\"rol\":\"INVITADO\",\"datos\":{\"serial\":\"C2V6M8Y1K9RT\",\"usuario_id\":\"30\",\"valor_inicial\":0,\"fecha_adquisicion\":\"2026-01-01\",\"vida_util_estimada\":\"5\",\"marca_equipo\":\"HP\",\"tipo_equipo\":\"All in One\",\"sistema_operativo\":\"Windows 10\",\"ubicacion_id\":\"1\",\"updated_at\":\"2026-01-20T19:06:47.000000Z\",\"created_at\":\"2026-01-20T19:06:47.000000Z\",\"id\":20,\"usuario\":{\"id\":30,\"name\":\"Gabriel Puertos Casta\\u00f1eda\",\"email\":\"gabriel@pihcsa.com\",\"rol\":\"INVITADO\",\"departamento\":\"SISTEMAS\",\"estatus\":\"ACTIVO\",\"created_at\":\"2026-01-15T15:37:13.000000Z\",\"updated_at\":\"2026-01-15T17:55:44.000000Z\"}}}','2026-01-21 01:06:47','2026-01-21 01:06:47'),(174,20,2,'CREATE','{\"mensaje\":\"NUEVO COMPONENTE: Se sum\\u00f3 un monitor\",\"usuario_asignado\":\"Gabriel Puertos Casta\\u00f1eda\",\"rol\":\"INVITADO\",\"cambios\":{\"Monitor Adicional\":{\"antes\":\"Inexistente\",\"despues\":\"<ul class=\'list-unstyled mb-0\'><li><b>Marca:<\\/b> HP<\\/li><li><b>S\\/N:<\\/b> INTEGRADO<\\/li><li><b>Escala:<\\/b> 24\\\"<\\/li><li><b>Interface:<\\/b> Integrado<\\/li><\\/ul>\"}}}','2026-01-21 01:06:48','2026-01-21 01:06:48'),(175,20,2,'CREATE','{\"mensaje\":\"NUEVO COMPONENTE: Se instal\\u00f3 una unidad de almacenamiento\",\"usuario_asignado\":\"Gabriel Puertos Casta\\u00f1eda\",\"rol\":\"INVITADO\",\"cambios\":{\"Disco Duro \\/ SSD\":{\"antes\":\"Inexistente\",\"despues\":\"<ul class=\'list-unstyled mb-0\'><li><b>Capacidad:<\\/b> 1TB<\\/li><li><b>Tipo:<\\/b> HDD<\\/li><li><b>Interface:<\\/b> SATA III<\\/li><\\/ul>\"}}}','2026-01-21 01:06:48','2026-01-21 01:06:48'),(176,20,2,'CREATE','{\"mensaje\":\"NUEVO COMPONENTE: Se sum\\u00f3 una Ram\",\"usuario_asignado\":\"Gabriel Puertos Casta\\u00f1eda\",\"rol\":\"INVITADO\",\"cambios\":{\"Ram Adicional\":{\"antes\":\"Inexistente\",\"despues\":\"<ul class=\'list-unstyled mb-0\'><li><b>Capacidad en GB:<\\/b> 16<\\/li><li><b>Clock Mhz:<\\/b> 2666<\\/li><li><b>Tipo CHZ:<\\/b> DDR4\\\"<\\/li><\\/ul>\"}}}','2026-01-21 01:06:48','2026-01-21 01:06:48'),(177,20,2,'CREATE','{\"mensaje\":\"NUEVO COMPONENTE: Se sum\\u00f3 un Periferico\",\"usuario_asignado\":\"Gabriel Puertos Casta\\u00f1eda\",\"rol\":\"INVITADO\",\"cambios\":{\"Periferico Adicional\":{\"antes\":\"Inexistente\",\"despues\":\"<ul class=\'list-unstyled mb-0\'><li><b>Tipo:<\\/b> Teclado<\\/li><li><b>Marca:<\\/b> Logitech<\\/li><li><b>Serial:<\\/b> SN\\\"<\\/li><li><b>Interface:<\\/b> USB<\\/li><\\/ul>\"}}}','2026-01-21 01:06:48','2026-01-21 01:06:48'),(178,20,2,'CREATE','{\"mensaje\":\"NUEVO COMPONENTE: Se sum\\u00f3 un procesador\",\"usuario_asignado\":\"Gabriel Puertos Casta\\u00f1eda\",\"rol\":\"INVITADO\",\"cambios\":{\"Procesador Adicional\":{\"antes\":\"Inexistente\",\"despues\":\"<ul class=\'list-unstyled mb-0\'><li><b>Marca:<\\/b> Intel<\\/li><li><b>S\\/N:<\\/b> Core i3<\\/li><\\/ul>\"}}}','2026-01-21 01:06:48','2026-01-21 01:06:48'),(179,21,2,'CREATE','{\"mensaje\":\"Creacion de Equipo\",\"usuario_asignado\":\"Gabriel Puertos Casta\\u00f1eda\",\"rol\":\"INVITADO\",\"datos\":{\"serial\":\"MXL8341XBM\",\"usuario_id\":\"30\",\"valor_inicial\":0,\"fecha_adquisicion\":\"2026-01-01\",\"vida_util_estimada\":\"5\",\"marca_equipo\":\"HP\",\"tipo_equipo\":\"PC Escritorio\",\"sistema_operativo\":\"Windows 10\",\"ubicacion_id\":\"1\",\"updated_at\":\"2026-01-20T19:16:45.000000Z\",\"created_at\":\"2026-01-20T19:16:45.000000Z\",\"id\":21,\"usuario\":{\"id\":30,\"name\":\"Gabriel Puertos Casta\\u00f1eda\",\"email\":\"gabriel@pihcsa.com\",\"rol\":\"INVITADO\",\"departamento\":\"SISTEMAS\",\"estatus\":\"ACTIVO\",\"created_at\":\"2026-01-15T15:37:13.000000Z\",\"updated_at\":\"2026-01-15T17:55:44.000000Z\"}}}','2026-01-21 01:16:45','2026-01-21 01:16:45'),(180,21,2,'CREATE','{\"mensaje\":\"Creacion de Equipo\",\"usuario_asignado\":\"Gabriel Puertos Casta\\u00f1eda\",\"rol\":\"INVITADO\",\"datos\":{\"serial\":\"MXL8341XBM\",\"usuario_id\":\"30\",\"valor_inicial\":0,\"fecha_adquisicion\":\"2026-01-01\",\"vida_util_estimada\":\"5\",\"marca_equipo\":\"HP\",\"tipo_equipo\":\"PC Escritorio\",\"sistema_operativo\":\"Windows 10\",\"ubicacion_id\":\"1\",\"updated_at\":\"2026-01-20T19:16:45.000000Z\",\"created_at\":\"2026-01-20T19:16:45.000000Z\",\"id\":21,\"usuario\":{\"id\":30,\"name\":\"Gabriel Puertos Casta\\u00f1eda\",\"email\":\"gabriel@pihcsa.com\",\"rol\":\"INVITADO\",\"departamento\":\"SISTEMAS\",\"estatus\":\"ACTIVO\",\"created_at\":\"2026-01-15T15:37:13.000000Z\",\"updated_at\":\"2026-01-15T17:55:44.000000Z\"}}}','2026-01-21 01:16:45','2026-01-21 01:16:45'),(181,21,2,'CREATE','{\"mensaje\":\"NUEVO COMPONENTE: Se sum\\u00f3 un monitor\",\"usuario_asignado\":\"Gabriel Puertos Casta\\u00f1eda\",\"rol\":\"INVITADO\",\"cambios\":{\"Monitor Adicional\":{\"antes\":\"Inexistente\",\"despues\":\"<ul class=\'list-unstyled mb-0\'><li><b>Marca:<\\/b> HP<\\/li><li><b>S\\/N:<\\/b> SN1GRX<\\/li><li><b>Escala:<\\/b> 19\\\"<\\/li><li><b>Interface:<\\/b> VGA<\\/li><\\/ul>\"}}}','2026-01-21 01:16:46','2026-01-21 01:16:46'),(182,21,2,'CREATE','{\"mensaje\":\"NUEVO COMPONENTE: Se instal\\u00f3 una unidad de almacenamiento\",\"usuario_asignado\":\"Gabriel Puertos Casta\\u00f1eda\",\"rol\":\"INVITADO\",\"cambios\":{\"Disco Duro \\/ SSD\":{\"antes\":\"Inexistente\",\"despues\":\"<ul class=\'list-unstyled mb-0\'><li><b>Capacidad:<\\/b> 240GB<\\/li><li><b>Tipo:<\\/b> SSD<\\/li><li><b>Interface:<\\/b> SATA III<\\/li><\\/ul>\"}}}','2026-01-21 01:16:46','2026-01-21 01:16:46'),(183,21,2,'CREATE','{\"mensaje\":\"NUEVO COMPONENTE: Se sum\\u00f3 una Ram\",\"usuario_asignado\":\"Gabriel Puertos Casta\\u00f1eda\",\"rol\":\"INVITADO\",\"cambios\":{\"Ram Adicional\":{\"antes\":\"Inexistente\",\"despues\":\"<ul class=\'list-unstyled mb-0\'><li><b>Capacidad en GB:<\\/b> 16<\\/li><li><b>Clock Mhz:<\\/b> 2400<\\/li><li><b>Tipo CHZ:<\\/b> DDR4\\\"<\\/li><\\/ul>\"}}}','2026-01-21 01:16:46','2026-01-21 01:16:46'),(184,21,2,'CREATE','{\"mensaje\":\"NUEVO COMPONENTE: Se sum\\u00f3 un Periferico\",\"usuario_asignado\":\"Gabriel Puertos Casta\\u00f1eda\",\"rol\":\"INVITADO\",\"cambios\":{\"Periferico Adicional\":{\"antes\":\"Inexistente\",\"despues\":\"<ul class=\'list-unstyled mb-0\'><li><b>Tipo:<\\/b> Teclado<\\/li><li><b>Marca:<\\/b> Logitech<\\/li><li><b>Serial:<\\/b> SN\\\"<\\/li><li><b>Interface:<\\/b> USB<\\/li><\\/ul>\"}}}','2026-01-21 01:16:46','2026-01-21 01:16:46'),(185,21,2,'CREATE','{\"mensaje\":\"NUEVO COMPONENTE: Se sum\\u00f3 un procesador\",\"usuario_asignado\":\"Gabriel Puertos Casta\\u00f1eda\",\"rol\":\"INVITADO\",\"cambios\":{\"Procesador Adicional\":{\"antes\":\"Inexistente\",\"despues\":\"<ul class=\'list-unstyled mb-0\'><li><b>Marca:<\\/b> AMD<\\/li><li><b>S\\/N:<\\/b> A10-9700 R7<\\/li><\\/ul>\"}}}','2026-01-21 01:16:46','2026-01-21 01:16:46'),(186,22,2,'CREATE','{\"mensaje\":\"Creacion de Equipo\",\"usuario_asignado\":\"ESVEIDI ZAVALA\",\"rol\":\"INVITADO\",\"datos\":{\"serial\":\"Y6Z2V3T9K1LP\",\"usuario_id\":\"75\",\"valor_inicial\":0,\"fecha_adquisicion\":\"2026-01-01\",\"vida_util_estimada\":\"5\",\"marca_equipo\":\"HP\",\"tipo_equipo\":\"Laptop\",\"sistema_operativo\":\"Windows 10\",\"ubicacion_id\":\"1\",\"updated_at\":\"2026-01-20T19:40:29.000000Z\",\"created_at\":\"2026-01-20T19:40:29.000000Z\",\"id\":22,\"usuario\":{\"id\":75,\"name\":\"ESVEIDI ZAVALA\",\"email\":\"nzavala@gmmed.mx\",\"rol\":\"INVITADO\",\"departamento\":\"VENTAS_PRIV\",\"estatus\":\"ACTIVO\",\"created_at\":\"2026-01-20T19:20:07.000000Z\",\"updated_at\":\"2026-01-20T19:20:07.000000Z\"}}}','2026-01-21 01:40:29','2026-01-21 01:40:29'),(187,22,2,'CREATE','{\"mensaje\":\"Creacion de Equipo\",\"usuario_asignado\":\"ESVEIDI ZAVALA\",\"rol\":\"INVITADO\",\"datos\":{\"serial\":\"Y6Z2V3T9K1LP\",\"usuario_id\":\"75\",\"valor_inicial\":0,\"fecha_adquisicion\":\"2026-01-01\",\"vida_util_estimada\":\"5\",\"marca_equipo\":\"HP\",\"tipo_equipo\":\"Laptop\",\"sistema_operativo\":\"Windows 10\",\"ubicacion_id\":\"1\",\"updated_at\":\"2026-01-20T19:40:29.000000Z\",\"created_at\":\"2026-01-20T19:40:29.000000Z\",\"id\":22,\"usuario\":{\"id\":75,\"name\":\"ESVEIDI ZAVALA\",\"email\":\"nzavala@gmmed.mx\",\"rol\":\"INVITADO\",\"departamento\":\"VENTAS_PRIV\",\"estatus\":\"ACTIVO\",\"created_at\":\"2026-01-20T19:20:07.000000Z\",\"updated_at\":\"2026-01-20T19:20:07.000000Z\"}}}','2026-01-21 01:40:29','2026-01-21 01:40:29'),(188,22,2,'CREATE','{\"mensaje\":\"NUEVO COMPONENTE: Se sum\\u00f3 un monitor\",\"usuario_asignado\":\"ESVEIDI ZAVALA\",\"rol\":\"INVITADO\",\"cambios\":{\"Monitor Adicional\":{\"antes\":\"Inexistente\",\"despues\":\"<ul class=\'list-unstyled mb-0\'><li><b>Marca:<\\/b> HP<\\/li><li><b>S\\/N:<\\/b> INTEGRADO<\\/li><li><b>Escala:<\\/b> 14\\\"<\\/li><li><b>Interface:<\\/b> Integrado<\\/li><\\/ul>\"}}}','2026-01-21 01:40:29','2026-01-21 01:40:29'),(189,22,2,'CREATE','{\"mensaje\":\"NUEVO COMPONENTE: Se instal\\u00f3 una unidad de almacenamiento\",\"usuario_asignado\":\"ESVEIDI ZAVALA\",\"rol\":\"INVITADO\",\"cambios\":{\"Disco Duro \\/ SSD\":{\"antes\":\"Inexistente\",\"despues\":\"<ul class=\'list-unstyled mb-0\'><li><b>Capacidad:<\\/b> 512GB<\\/li><li><b>Tipo:<\\/b> SSD<\\/li><li><b>Interface:<\\/b> SATA III<\\/li><\\/ul>\"}}}','2026-01-21 01:40:29','2026-01-21 01:40:29'),(190,22,2,'CREATE','{\"mensaje\":\"NUEVO COMPONENTE: Se sum\\u00f3 una Ram\",\"usuario_asignado\":\"ESVEIDI ZAVALA\",\"rol\":\"INVITADO\",\"cambios\":{\"Ram Adicional\":{\"antes\":\"Inexistente\",\"despues\":\"<ul class=\'list-unstyled mb-0\'><li><b>Capacidad en GB:<\\/b> 12<\\/li><li><b>Clock Mhz:<\\/b> 2666<\\/li><li><b>Tipo CHZ:<\\/b> DDR4\\\"<\\/li><\\/ul>\"}}}','2026-01-21 01:40:30','2026-01-21 01:40:30'),(191,22,2,'CREATE','{\"mensaje\":\"NUEVO COMPONENTE: Se sum\\u00f3 un Periferico\",\"usuario_asignado\":\"ESVEIDI ZAVALA\",\"rol\":\"INVITADO\",\"cambios\":{\"Periferico Adicional\":{\"antes\":\"Inexistente\",\"despues\":\"<ul class=\'list-unstyled mb-0\'><li><b>Tipo:<\\/b> Teclado<\\/li><li><b>Marca:<\\/b> Logitech<\\/li><li><b>Serial:<\\/b> 2231MR0ACDD8\\\"<\\/li><li><b>Interface:<\\/b> USB<\\/li><\\/ul>\"}}}','2026-01-21 01:40:30','2026-01-21 01:40:30'),(192,22,2,'CREATE','{\"mensaje\":\"NUEVO COMPONENTE: Se sum\\u00f3 un procesador\",\"usuario_asignado\":\"ESVEIDI ZAVALA\",\"rol\":\"INVITADO\",\"cambios\":{\"Procesador Adicional\":{\"antes\":\"Inexistente\",\"despues\":\"<ul class=\'list-unstyled mb-0\'><li><b>Marca:<\\/b> Intel<\\/li><li><b>S\\/N:<\\/b> Core i3<\\/li><\\/ul>\"}}}','2026-01-21 01:40:30','2026-01-21 01:40:30'),(193,23,2,'CREATE','{\"mensaje\":\"Creacion de Equipo\",\"usuario_asignado\":\"Roc\\u00edo Garc\\u00eda\",\"rol\":\"INVITADO\",\"datos\":{\"serial\":\"A4N7X1M5Q2BE\",\"usuario_id\":\"76\",\"valor_inicial\":0,\"fecha_adquisicion\":\"2026-01-01\",\"vida_util_estimada\":\"5\",\"marca_equipo\":\"HP\",\"tipo_equipo\":\"Laptop\",\"sistema_operativo\":\"Windows 10\",\"ubicacion_id\":\"1\",\"updated_at\":\"2026-01-20T19:52:54.000000Z\",\"created_at\":\"2026-01-20T19:52:54.000000Z\",\"id\":23,\"usuario\":{\"id\":76,\"name\":\"Roc\\u00edo Garc\\u00eda\",\"email\":\"rgarcia@gmmed.mx\",\"rol\":\"INVITADO\",\"departamento\":\"VENTAS_PRIV\",\"estatus\":\"ACTIVO\",\"created_at\":\"2026-01-20T19:42:54.000000Z\",\"updated_at\":\"2026-01-20T19:42:54.000000Z\"}}}','2026-01-21 01:52:54','2026-01-21 01:52:54'),(194,23,2,'CREATE','{\"mensaje\":\"Creacion de Equipo\",\"usuario_asignado\":\"Roc\\u00edo Garc\\u00eda\",\"rol\":\"INVITADO\",\"datos\":{\"serial\":\"A4N7X1M5Q2BE\",\"usuario_id\":\"76\",\"valor_inicial\":0,\"fecha_adquisicion\":\"2026-01-01\",\"vida_util_estimada\":\"5\",\"marca_equipo\":\"HP\",\"tipo_equipo\":\"Laptop\",\"sistema_operativo\":\"Windows 10\",\"ubicacion_id\":\"1\",\"updated_at\":\"2026-01-20T19:52:54.000000Z\",\"created_at\":\"2026-01-20T19:52:54.000000Z\",\"id\":23,\"usuario\":{\"id\":76,\"name\":\"Roc\\u00edo Garc\\u00eda\",\"email\":\"rgarcia@gmmed.mx\",\"rol\":\"INVITADO\",\"departamento\":\"VENTAS_PRIV\",\"estatus\":\"ACTIVO\",\"created_at\":\"2026-01-20T19:42:54.000000Z\",\"updated_at\":\"2026-01-20T19:42:54.000000Z\"}}}','2026-01-21 01:52:55','2026-01-21 01:52:55'),(195,23,2,'CREATE','{\"mensaje\":\"NUEVO COMPONENTE: Se sum\\u00f3 un monitor\",\"usuario_asignado\":\"Roc\\u00edo Garc\\u00eda\",\"rol\":\"INVITADO\",\"cambios\":{\"Monitor Adicional\":{\"antes\":\"Inexistente\",\"despues\":\"<ul class=\'list-unstyled mb-0\'><li><b>Marca:<\\/b> HP<\\/li><li><b>S\\/N:<\\/b> INTEGRADO<\\/li><li><b>Escala:<\\/b> 14\\\"<\\/li><li><b>Interface:<\\/b> Integrado<\\/li><\\/ul>\"}}}','2026-01-21 01:52:55','2026-01-21 01:52:55'),(196,23,2,'CREATE','{\"mensaje\":\"NUEVO COMPONENTE: Se instal\\u00f3 una unidad de almacenamiento\",\"usuario_asignado\":\"Roc\\u00edo Garc\\u00eda\",\"rol\":\"INVITADO\",\"cambios\":{\"Disco Duro \\/ SSD\":{\"antes\":\"Inexistente\",\"despues\":\"<ul class=\'list-unstyled mb-0\'><li><b>Capacidad:<\\/b> 120GB<\\/li><li><b>Tipo:<\\/b> SSD<\\/li><li><b>Interface:<\\/b> SATA III<\\/li><\\/ul>\"}}}','2026-01-21 01:52:55','2026-01-21 01:52:55'),(197,23,2,'CREATE','{\"mensaje\":\"NUEVO COMPONENTE: Se sum\\u00f3 una Ram\",\"usuario_asignado\":\"Roc\\u00edo Garc\\u00eda\",\"rol\":\"INVITADO\",\"cambios\":{\"Ram Adicional\":{\"antes\":\"Inexistente\",\"despues\":\"<ul class=\'list-unstyled mb-0\'><li><b>Capacidad en GB:<\\/b> 12<\\/li><li><b>Clock Mhz:<\\/b> 2666<\\/li><li><b>Tipo CHZ:<\\/b> DDR4\\\"<\\/li><\\/ul>\"}}}','2026-01-21 01:52:55','2026-01-21 01:52:55'),(198,23,2,'CREATE','{\"mensaje\":\"NUEVO COMPONENTE: Se sum\\u00f3 un Periferico\",\"usuario_asignado\":\"Roc\\u00edo Garc\\u00eda\",\"rol\":\"INVITADO\",\"cambios\":{\"Periferico Adicional\":{\"antes\":\"Inexistente\",\"despues\":\"<ul class=\'list-unstyled mb-0\'><li><b>Tipo:<\\/b> Teclado<\\/li><li><b>Marca:<\\/b> Logitech<\\/li><li><b>Serial:<\\/b> SN\\\"<\\/li><li><b>Interface:<\\/b> USB<\\/li><\\/ul>\"}}}','2026-01-21 01:52:55','2026-01-21 01:52:55'),(199,23,2,'CREATE','{\"mensaje\":\"NUEVO COMPONENTE: Se sum\\u00f3 un procesador\",\"usuario_asignado\":\"Roc\\u00edo Garc\\u00eda\",\"rol\":\"INVITADO\",\"cambios\":{\"Procesador Adicional\":{\"antes\":\"Inexistente\",\"despues\":\"<ul class=\'list-unstyled mb-0\'><li><b>Marca:<\\/b> Intel<\\/li><li><b>S\\/N:<\\/b> Core i3<\\/li><\\/ul>\"}}}','2026-01-21 01:52:55','2026-01-21 01:52:55'),(200,24,2,'CREATE','{\"mensaje\":\"Creacion de Equipo\",\"usuario_asignado\":\"Jos\\u00e9 Felipe Guti\\u00e9rrez Solano\",\"rol\":\"INVITADO\",\"datos\":{\"serial\":\"P9L3T8K7V1WC\",\"usuario_id\":\"60\",\"valor_inicial\":0,\"fecha_adquisicion\":\"2026-01-01\",\"vida_util_estimada\":\"5\",\"marca_equipo\":\"Lenovo\",\"tipo_equipo\":\"Laptop\",\"sistema_operativo\":\"Windows 10\",\"ubicacion_id\":\"1\",\"updated_at\":\"2026-01-20T19:56:12.000000Z\",\"created_at\":\"2026-01-20T19:56:12.000000Z\",\"id\":24,\"usuario\":{\"id\":60,\"name\":\"Jos\\u00e9 Felipe Guti\\u00e9rrez Solano\",\"email\":\"supervisortoluca@pihcsa.com.mx\",\"rol\":\"INVITADO\",\"departamento\":\"VENTAS_PRIV\",\"estatus\":\"ACTIVO\",\"created_at\":\"2026-01-15T18:54:57.000000Z\",\"updated_at\":\"2026-01-15T18:54:57.000000Z\"}}}','2026-01-21 01:56:12','2026-01-21 01:56:12'),(201,24,2,'CREATE','{\"mensaje\":\"Creacion de Equipo\",\"usuario_asignado\":\"Jos\\u00e9 Felipe Guti\\u00e9rrez Solano\",\"rol\":\"INVITADO\",\"datos\":{\"serial\":\"P9L3T8K7V1WC\",\"usuario_id\":\"60\",\"valor_inicial\":0,\"fecha_adquisicion\":\"2026-01-01\",\"vida_util_estimada\":\"5\",\"marca_equipo\":\"Lenovo\",\"tipo_equipo\":\"Laptop\",\"sistema_operativo\":\"Windows 10\",\"ubicacion_id\":\"1\",\"updated_at\":\"2026-01-20T19:56:12.000000Z\",\"created_at\":\"2026-01-20T19:56:12.000000Z\",\"id\":24,\"usuario\":{\"id\":60,\"name\":\"Jos\\u00e9 Felipe Guti\\u00e9rrez Solano\",\"email\":\"supervisortoluca@pihcsa.com.mx\",\"rol\":\"INVITADO\",\"departamento\":\"VENTAS_PRIV\",\"estatus\":\"ACTIVO\",\"created_at\":\"2026-01-15T18:54:57.000000Z\",\"updated_at\":\"2026-01-15T18:54:57.000000Z\"}}}','2026-01-21 01:56:12','2026-01-21 01:56:12'),(202,24,2,'CREATE','{\"mensaje\":\"NUEVO COMPONENTE: Se sum\\u00f3 un monitor\",\"usuario_asignado\":\"Jos\\u00e9 Felipe Guti\\u00e9rrez Solano\",\"rol\":\"INVITADO\",\"cambios\":{\"Monitor Adicional\":{\"antes\":\"Inexistente\",\"despues\":\"<ul class=\'list-unstyled mb-0\'><li><b>Marca:<\\/b> Lenovo<\\/li><li><b>S\\/N:<\\/b> INTEGRADO<\\/li><li><b>Escala:<\\/b> 15\\\"<\\/li><li><b>Interface:<\\/b> Integrado<\\/li><\\/ul>\"}}}','2026-01-21 01:56:12','2026-01-21 01:56:12'),(203,24,2,'CREATE','{\"mensaje\":\"NUEVO COMPONENTE: Se instal\\u00f3 una unidad de almacenamiento\",\"usuario_asignado\":\"Jos\\u00e9 Felipe Guti\\u00e9rrez Solano\",\"rol\":\"INVITADO\",\"cambios\":{\"Disco Duro \\/ SSD\":{\"antes\":\"Inexistente\",\"despues\":\"<ul class=\'list-unstyled mb-0\'><li><b>Capacidad:<\\/b> 1TB<\\/li><li><b>Tipo:<\\/b> HDD<\\/li><li><b>Interface:<\\/b> SATA III<\\/li><\\/ul>\"}}}','2026-01-21 01:56:12','2026-01-21 01:56:12'),(204,24,2,'CREATE','{\"mensaje\":\"NUEVO COMPONENTE: Se sum\\u00f3 una Ram\",\"usuario_asignado\":\"Jos\\u00e9 Felipe Guti\\u00e9rrez Solano\",\"rol\":\"INVITADO\",\"cambios\":{\"Ram Adicional\":{\"antes\":\"Inexistente\",\"despues\":\"<ul class=\'list-unstyled mb-0\'><li><b>Capacidad en GB:<\\/b> 8<\\/li><li><b>Clock Mhz:<\\/b> 2666<\\/li><li><b>Tipo CHZ:<\\/b> DDR4\\\"<\\/li><\\/ul>\"}}}','2026-01-21 01:56:12','2026-01-21 01:56:12'),(205,24,2,'CREATE','{\"mensaje\":\"NUEVO COMPONENTE: Se sum\\u00f3 un procesador\",\"usuario_asignado\":\"Jos\\u00e9 Felipe Guti\\u00e9rrez Solano\",\"rol\":\"INVITADO\",\"cambios\":{\"Procesador Adicional\":{\"antes\":\"Inexistente\",\"despues\":\"<ul class=\'list-unstyled mb-0\'><li><b>Marca:<\\/b> Intel<\\/li><li><b>S\\/N:<\\/b> Core i3<\\/li><\\/ul>\"}}}','2026-01-21 01:56:12','2026-01-21 01:56:12'),(206,25,2,'CREATE','{\"mensaje\":\"Creacion de Equipo\",\"usuario_asignado\":\"Yuliana Villa Mej\\u00eda\",\"rol\":\"INVITADO\",\"datos\":{\"serial\":\"K1P6T8W2L9MV\",\"usuario_id\":\"77\",\"valor_inicial\":0,\"fecha_adquisicion\":\"2026-01-01\",\"vida_util_estimada\":\"5\",\"marca_equipo\":\"Lenovo\",\"tipo_equipo\":\"All in One\",\"sistema_operativo\":\"Windows 10\",\"ubicacion_id\":\"1\",\"updated_at\":\"2026-01-20T20:03:23.000000Z\",\"created_at\":\"2026-01-20T20:03:23.000000Z\",\"id\":25,\"usuario\":{\"id\":77,\"name\":\"Yuliana Villa Mej\\u00eda\",\"email\":\"ventasdistribuidor@pihcsa.com.mx\",\"rol\":\"INVITADO\",\"departamento\":\"VENTAS_PRIV\",\"estatus\":\"ACTIVO\",\"created_at\":\"2026-01-20T19:59:14.000000Z\",\"updated_at\":\"2026-01-20T19:59:14.000000Z\"}}}','2026-01-21 02:03:24','2026-01-21 02:03:24'),(207,25,2,'CREATE','{\"mensaje\":\"Creacion de Equipo\",\"usuario_asignado\":\"Yuliana Villa Mej\\u00eda\",\"rol\":\"INVITADO\",\"datos\":{\"serial\":\"K1P6T8W2L9MV\",\"usuario_id\":\"77\",\"valor_inicial\":0,\"fecha_adquisicion\":\"2026-01-01\",\"vida_util_estimada\":\"5\",\"marca_equipo\":\"Lenovo\",\"tipo_equipo\":\"All in One\",\"sistema_operativo\":\"Windows 10\",\"ubicacion_id\":\"1\",\"updated_at\":\"2026-01-20T20:03:23.000000Z\",\"created_at\":\"2026-01-20T20:03:23.000000Z\",\"id\":25,\"usuario\":{\"id\":77,\"name\":\"Yuliana Villa Mej\\u00eda\",\"email\":\"ventasdistribuidor@pihcsa.com.mx\",\"rol\":\"INVITADO\",\"departamento\":\"VENTAS_PRIV\",\"estatus\":\"ACTIVO\",\"created_at\":\"2026-01-20T19:59:14.000000Z\",\"updated_at\":\"2026-01-20T19:59:14.000000Z\"}}}','2026-01-21 02:03:24','2026-01-21 02:03:24'),(208,25,2,'CREATE','{\"mensaje\":\"NUEVO COMPONENTE: Se sum\\u00f3 un monitor\",\"usuario_asignado\":\"Yuliana Villa Mej\\u00eda\",\"rol\":\"INVITADO\",\"cambios\":{\"Monitor Adicional\":{\"antes\":\"Inexistente\",\"despues\":\"<ul class=\'list-unstyled mb-0\'><li><b>Marca:<\\/b> Lenovo<\\/li><li><b>S\\/N:<\\/b> INTEGRADO<\\/li><li><b>Escala:<\\/b> 24\\\"<\\/li><li><b>Interface:<\\/b> Integrado<\\/li><\\/ul>\"}}}','2026-01-21 02:03:24','2026-01-21 02:03:24'),(209,25,2,'CREATE','{\"mensaje\":\"NUEVO COMPONENTE: Se instal\\u00f3 una unidad de almacenamiento\",\"usuario_asignado\":\"Yuliana Villa Mej\\u00eda\",\"rol\":\"INVITADO\",\"cambios\":{\"Disco Duro \\/ SSD\":{\"antes\":\"Inexistente\",\"despues\":\"<ul class=\'list-unstyled mb-0\'><li><b>Capacidad:<\\/b> 500GB<\\/li><li><b>Tipo:<\\/b> SSD<\\/li><li><b>Interface:<\\/b> SATA III<\\/li><\\/ul>\"}}}','2026-01-21 02:03:24','2026-01-21 02:03:24'),(210,25,2,'CREATE','{\"mensaje\":\"NUEVO COMPONENTE: Se sum\\u00f3 una Ram\",\"usuario_asignado\":\"Yuliana Villa Mej\\u00eda\",\"rol\":\"INVITADO\",\"cambios\":{\"Ram Adicional\":{\"antes\":\"Inexistente\",\"despues\":\"<ul class=\'list-unstyled mb-0\'><li><b>Capacidad en GB:<\\/b> 16<\\/li><li><b>Clock Mhz:<\\/b> 2666<\\/li><li><b>Tipo CHZ:<\\/b> DDR4\\\"<\\/li><\\/ul>\"}}}','2026-01-21 02:03:24','2026-01-21 02:03:24'),(211,25,2,'CREATE','{\"mensaje\":\"NUEVO COMPONENTE: Se sum\\u00f3 un Periferico\",\"usuario_asignado\":\"Yuliana Villa Mej\\u00eda\",\"rol\":\"INVITADO\",\"cambios\":{\"Periferico Adicional\":{\"antes\":\"Inexistente\",\"despues\":\"<ul class=\'list-unstyled mb-0\'><li><b>Tipo:<\\/b> Teclado<\\/li><li><b>Marca:<\\/b> Lenovo<\\/li><li><b>Serial:<\\/b> SN\\\"<\\/li><li><b>Interface:<\\/b> USB<\\/li><\\/ul>\"}}}','2026-01-21 02:03:24','2026-01-21 02:03:24'),(212,25,2,'CREATE','{\"mensaje\":\"NUEVO COMPONENTE: Se sum\\u00f3 un procesador\",\"usuario_asignado\":\"Yuliana Villa Mej\\u00eda\",\"rol\":\"INVITADO\",\"cambios\":{\"Procesador Adicional\":{\"antes\":\"Inexistente\",\"despues\":\"<ul class=\'list-unstyled mb-0\'><li><b>Marca:<\\/b> Intel<\\/li><li><b>S\\/N:<\\/b> Core i5<\\/li><\\/ul>\"}}}','2026-01-21 02:03:24','2026-01-21 02:03:24'),(213,26,2,'CREATE','{\"mensaje\":\"Creacion de Equipo\",\"usuario_asignado\":\"Alejandro Hern\\u00e1ndez\",\"rol\":\"INVITADO\",\"datos\":{\"serial\":\"MPNX85A1200Q\",\"usuario_id\":\"67\",\"valor_inicial\":0,\"fecha_adquisicion\":\"2026-01-01\",\"vida_util_estimada\":\"5\",\"marca_equipo\":\"Lenovo\",\"tipo_equipo\":\"Laptop\",\"sistema_operativo\":\"Windows 10\",\"ubicacion_id\":\"1\",\"updated_at\":\"2026-01-20T22:13:57.000000Z\",\"created_at\":\"2026-01-20T22:13:57.000000Z\",\"id\":26,\"usuario\":{\"id\":67,\"name\":\"Alejandro Hern\\u00e1ndez\",\"email\":\"alejandrohernandez@pihcsa.com.mx\",\"rol\":\"INVITADO\",\"departamento\":\"VENTAS_PRIV\",\"estatus\":\"ACTIVO\",\"created_at\":\"2026-01-15T19:10:14.000000Z\",\"updated_at\":\"2026-01-15T19:10:14.000000Z\"}}}','2026-01-21 04:13:57','2026-01-21 04:13:57'),(214,26,2,'CREATE','{\"mensaje\":\"Creacion de Equipo\",\"usuario_asignado\":\"Alejandro Hern\\u00e1ndez\",\"rol\":\"INVITADO\",\"datos\":{\"serial\":\"MPNX85A1200Q\",\"usuario_id\":\"67\",\"valor_inicial\":0,\"fecha_adquisicion\":\"2026-01-01\",\"vida_util_estimada\":\"5\",\"marca_equipo\":\"Lenovo\",\"tipo_equipo\":\"Laptop\",\"sistema_operativo\":\"Windows 10\",\"ubicacion_id\":\"1\",\"updated_at\":\"2026-01-20T22:13:57.000000Z\",\"created_at\":\"2026-01-20T22:13:57.000000Z\",\"id\":26,\"usuario\":{\"id\":67,\"name\":\"Alejandro Hern\\u00e1ndez\",\"email\":\"alejandrohernandez@pihcsa.com.mx\",\"rol\":\"INVITADO\",\"departamento\":\"VENTAS_PRIV\",\"estatus\":\"ACTIVO\",\"created_at\":\"2026-01-15T19:10:14.000000Z\",\"updated_at\":\"2026-01-15T19:10:14.000000Z\"}}}','2026-01-21 04:13:57','2026-01-21 04:13:57'),(215,26,2,'CREATE','{\"mensaje\":\"NUEVO COMPONENTE: Se sum\\u00f3 un monitor\",\"usuario_asignado\":\"Alejandro Hern\\u00e1ndez\",\"rol\":\"INVITADO\",\"cambios\":{\"Monitor Adicional\":{\"antes\":\"Inexistente\",\"despues\":\"<ul class=\'list-unstyled mb-0\'><li><b>Marca:<\\/b> Lenovo<\\/li><li><b>S\\/N:<\\/b> INTEGRADO<\\/li><li><b>Escala:<\\/b> 14\\\"<\\/li><li><b>Interface:<\\/b> Integrado<\\/li><\\/ul>\"}}}','2026-01-21 04:13:57','2026-01-21 04:13:57'),(216,26,2,'CREATE','{\"mensaje\":\"NUEVO COMPONENTE: Se instal\\u00f3 una unidad de almacenamiento\",\"usuario_asignado\":\"Alejandro Hern\\u00e1ndez\",\"rol\":\"INVITADO\",\"cambios\":{\"Disco Duro \\/ SSD\":{\"antes\":\"Inexistente\",\"despues\":\"<ul class=\'list-unstyled mb-0\'><li><b>Capacidad:<\\/b> 120GB<\\/li><li><b>Tipo:<\\/b> SSD<\\/li><li><b>Interface:<\\/b> SATA III<\\/li><\\/ul>\"}}}','2026-01-21 04:13:57','2026-01-21 04:13:57'),(217,26,2,'CREATE','{\"mensaje\":\"NUEVO COMPONENTE: Se sum\\u00f3 una Ram\",\"usuario_asignado\":\"Alejandro Hern\\u00e1ndez\",\"rol\":\"INVITADO\",\"cambios\":{\"Ram Adicional\":{\"antes\":\"Inexistente\",\"despues\":\"<ul class=\'list-unstyled mb-0\'><li><b>Capacidad en GB:<\\/b> 12<\\/li><li><b>Clock Mhz:<\\/b> 1600<\\/li><li><b>Tipo CHZ:<\\/b> DDR3\\\"<\\/li><\\/ul>\"}}}','2026-01-21 04:13:57','2026-01-21 04:13:57'),(218,26,2,'CREATE','{\"mensaje\":\"NUEVO COMPONENTE: Se sum\\u00f3 un procesador\",\"usuario_asignado\":\"Alejandro Hern\\u00e1ndez\",\"rol\":\"INVITADO\",\"cambios\":{\"Procesador Adicional\":{\"antes\":\"Inexistente\",\"despues\":\"<ul class=\'list-unstyled mb-0\'><li><b>Marca:<\\/b> Intel<\\/li><li><b>S\\/N:<\\/b> Core i3<\\/li><\\/ul>\"}}}','2026-01-21 04:13:57','2026-01-21 04:13:57'),(219,27,2,'CREATE','{\"mensaje\":\"Creacion de Equipo\",\"usuario_asignado\":\"Carlos Sarmiento\",\"rol\":\"INVITADO\",\"datos\":{\"serial\":\"BMGQ904\",\"usuario_id\":\"68\",\"valor_inicial\":0,\"fecha_adquisicion\":\"2026-01-01\",\"vida_util_estimada\":\"5\",\"marca_equipo\":\"Dell\",\"tipo_equipo\":\"Laptop\",\"sistema_operativo\":\"Windows 11\",\"ubicacion_id\":\"1\",\"updated_at\":\"2026-01-20T22:20:29.000000Z\",\"created_at\":\"2026-01-20T22:20:29.000000Z\",\"id\":27,\"usuario\":{\"id\":68,\"name\":\"Carlos Sarmiento\",\"email\":\"csarmiento@gmmed.mx\",\"rol\":\"INVITADO\",\"departamento\":\"VENTAS_PRIV\",\"estatus\":\"ACTIVO\",\"created_at\":\"2026-01-15T19:11:02.000000Z\",\"updated_at\":\"2026-01-15T19:11:02.000000Z\"}}}','2026-01-21 04:20:29','2026-01-21 04:20:29'),(220,27,2,'CREATE','{\"mensaje\":\"Creacion de Equipo\",\"usuario_asignado\":\"Carlos Sarmiento\",\"rol\":\"INVITADO\",\"datos\":{\"serial\":\"BMGQ904\",\"usuario_id\":\"68\",\"valor_inicial\":0,\"fecha_adquisicion\":\"2026-01-01\",\"vida_util_estimada\":\"5\",\"marca_equipo\":\"Dell\",\"tipo_equipo\":\"Laptop\",\"sistema_operativo\":\"Windows 11\",\"ubicacion_id\":\"1\",\"updated_at\":\"2026-01-20T22:20:29.000000Z\",\"created_at\":\"2026-01-20T22:20:29.000000Z\",\"id\":27,\"usuario\":{\"id\":68,\"name\":\"Carlos Sarmiento\",\"email\":\"csarmiento@gmmed.mx\",\"rol\":\"INVITADO\",\"departamento\":\"VENTAS_PRIV\",\"estatus\":\"ACTIVO\",\"created_at\":\"2026-01-15T19:11:02.000000Z\",\"updated_at\":\"2026-01-15T19:11:02.000000Z\"}}}','2026-01-21 04:20:29','2026-01-21 04:20:29'),(221,27,2,'CREATE','{\"mensaje\":\"NUEVO COMPONENTE: Se sum\\u00f3 un monitor\",\"usuario_asignado\":\"Carlos Sarmiento\",\"rol\":\"INVITADO\",\"cambios\":{\"Monitor Adicional\":{\"antes\":\"Inexistente\",\"despues\":\"<ul class=\'list-unstyled mb-0\'><li><b>Marca:<\\/b> Dell<\\/li><li><b>S\\/N:<\\/b> INTEGRADO<\\/li><li><b>Escala:<\\/b> 14\\\"<\\/li><li><b>Interface:<\\/b> Integrado<\\/li><\\/ul>\"}}}','2026-01-21 04:20:29','2026-01-21 04:20:29'),(222,27,2,'CREATE','{\"mensaje\":\"NUEVO COMPONENTE: Se instal\\u00f3 una unidad de almacenamiento\",\"usuario_asignado\":\"Carlos Sarmiento\",\"rol\":\"INVITADO\",\"cambios\":{\"Disco Duro \\/ SSD\":{\"antes\":\"Inexistente\",\"despues\":\"<ul class=\'list-unstyled mb-0\'><li><b>Capacidad:<\\/b> 240GB<\\/li><li><b>Tipo:<\\/b> SSD<\\/li><li><b>Interface:<\\/b> SATA III<\\/li><\\/ul>\"}}}','2026-01-21 04:20:29','2026-01-21 04:20:29'),(223,27,2,'CREATE','{\"mensaje\":\"NUEVO COMPONENTE: Se sum\\u00f3 una Ram\",\"usuario_asignado\":\"Carlos Sarmiento\",\"rol\":\"INVITADO\",\"cambios\":{\"Ram Adicional\":{\"antes\":\"Inexistente\",\"despues\":\"<ul class=\'list-unstyled mb-0\'><li><b>Capacidad en GB:<\\/b> 16<\\/li><li><b>Clock Mhz:<\\/b> 2666<\\/li><li><b>Tipo CHZ:<\\/b> DDR4\\\"<\\/li><\\/ul>\"}}}','2026-01-21 04:20:29','2026-01-21 04:20:29'),(224,27,2,'CREATE','{\"mensaje\":\"NUEVO COMPONENTE: Se sum\\u00f3 un procesador\",\"usuario_asignado\":\"Carlos Sarmiento\",\"rol\":\"INVITADO\",\"cambios\":{\"Procesador Adicional\":{\"antes\":\"Inexistente\",\"despues\":\"<ul class=\'list-unstyled mb-0\'><li><b>Marca:<\\/b> Intel<\\/li><li><b>S\\/N:<\\/b> Core i5<\\/li><\\/ul>\"}}}','2026-01-21 04:20:29','2026-01-21 04:20:29'),(225,28,2,'CREATE','{\"mensaje\":\"Creacion de Equipo\",\"usuario_asignado\":\"Omar Mercado\",\"rol\":\"INVITADO\",\"datos\":{\"serial\":\"75DQ904\",\"usuario_id\":\"78\",\"valor_inicial\":0,\"fecha_adquisicion\":\"2026-01-01\",\"vida_util_estimada\":\"5\",\"marca_equipo\":\"Dell\",\"tipo_equipo\":\"Laptop\",\"sistema_operativo\":\"Windows 11\",\"ubicacion_id\":\"1\",\"updated_at\":\"2026-01-20T22:26:37.000000Z\",\"created_at\":\"2026-01-20T22:26:37.000000Z\",\"id\":28,\"usuario\":{\"id\":78,\"name\":\"Omar Mercado\",\"email\":\"omercado@pihcsa.com.mx\",\"rol\":\"INVITADO\",\"departamento\":\"VENTAS_PRIV\",\"estatus\":\"ACTIVO\",\"created_at\":\"2026-01-20T22:24:34.000000Z\",\"updated_at\":\"2026-01-20T22:24:34.000000Z\"}}}','2026-01-21 04:26:37','2026-01-21 04:26:37'),(226,28,2,'CREATE','{\"mensaje\":\"Creacion de Equipo\",\"usuario_asignado\":\"Omar Mercado\",\"rol\":\"INVITADO\",\"datos\":{\"serial\":\"75DQ904\",\"usuario_id\":\"78\",\"valor_inicial\":0,\"fecha_adquisicion\":\"2026-01-01\",\"vida_util_estimada\":\"5\",\"marca_equipo\":\"Dell\",\"tipo_equipo\":\"Laptop\",\"sistema_operativo\":\"Windows 11\",\"ubicacion_id\":\"1\",\"updated_at\":\"2026-01-20T22:26:37.000000Z\",\"created_at\":\"2026-01-20T22:26:37.000000Z\",\"id\":28,\"usuario\":{\"id\":78,\"name\":\"Omar Mercado\",\"email\":\"omercado@pihcsa.com.mx\",\"rol\":\"INVITADO\",\"departamento\":\"VENTAS_PRIV\",\"estatus\":\"ACTIVO\",\"created_at\":\"2026-01-20T22:24:34.000000Z\",\"updated_at\":\"2026-01-20T22:24:34.000000Z\"}}}','2026-01-21 04:26:37','2026-01-21 04:26:37'),(227,28,2,'CREATE','{\"mensaje\":\"NUEVO COMPONENTE: Se sum\\u00f3 un monitor\",\"usuario_asignado\":\"Omar Mercado\",\"rol\":\"INVITADO\",\"cambios\":{\"Monitor Adicional\":{\"antes\":\"Inexistente\",\"despues\":\"<ul class=\'list-unstyled mb-0\'><li><b>Marca:<\\/b> Dell<\\/li><li><b>S\\/N:<\\/b> INTEGRADO<\\/li><li><b>Escala:<\\/b> 14\\\"<\\/li><li><b>Interface:<\\/b> Integrado<\\/li><\\/ul>\"}}}','2026-01-21 04:26:37','2026-01-21 04:26:37'),(228,28,2,'CREATE','{\"mensaje\":\"NUEVO COMPONENTE: Se instal\\u00f3 una unidad de almacenamiento\",\"usuario_asignado\":\"Omar Mercado\",\"rol\":\"INVITADO\",\"cambios\":{\"Disco Duro \\/ SSD\":{\"antes\":\"Inexistente\",\"despues\":\"<ul class=\'list-unstyled mb-0\'><li><b>Capacidad:<\\/b> 240GB<\\/li><li><b>Tipo:<\\/b> SSD<\\/li><li><b>Interface:<\\/b> SATA III<\\/li><\\/ul>\"}}}','2026-01-21 04:26:38','2026-01-21 04:26:38'),(229,28,2,'CREATE','{\"mensaje\":\"NUEVO COMPONENTE: Se sum\\u00f3 una Ram\",\"usuario_asignado\":\"Omar Mercado\",\"rol\":\"INVITADO\",\"cambios\":{\"Ram Adicional\":{\"antes\":\"Inexistente\",\"despues\":\"<ul class=\'list-unstyled mb-0\'><li><b>Capacidad en GB:<\\/b> 8<\\/li><li><b>Clock Mhz:<\\/b> 2666<\\/li><li><b>Tipo CHZ:<\\/b> DDR4\\\"<\\/li><\\/ul>\"}}}','2026-01-21 04:26:38','2026-01-21 04:26:38'),(230,28,2,'CREATE','{\"mensaje\":\"NUEVO COMPONENTE: Se sum\\u00f3 un procesador\",\"usuario_asignado\":\"Omar Mercado\",\"rol\":\"INVITADO\",\"cambios\":{\"Procesador Adicional\":{\"antes\":\"Inexistente\",\"despues\":\"<ul class=\'list-unstyled mb-0\'><li><b>Marca:<\\/b> Intel<\\/li><li><b>S\\/N:<\\/b> Core i5<\\/li><\\/ul>\"}}}','2026-01-21 04:26:38','2026-01-21 04:26:38'),(231,29,2,'CREATE','{\"mensaje\":\"Creacion de Equipo\",\"usuario_asignado\":\"DISPONIBLE\",\"rol\":\"INVITADO\",\"datos\":{\"serial\":\"J3DR904\",\"usuario_id\":\"79\",\"valor_inicial\":0,\"fecha_adquisicion\":\"2026-01-01\",\"vida_util_estimada\":\"5\",\"marca_equipo\":\"Dell\",\"tipo_equipo\":\"Laptop\",\"sistema_operativo\":\"Windows 11\",\"ubicacion_id\":\"1\",\"updated_at\":\"2026-01-20T22:30:18.000000Z\",\"created_at\":\"2026-01-20T22:30:18.000000Z\",\"id\":29,\"usuario\":{\"id\":79,\"name\":\"DISPONIBLE\",\"email\":\"disponible@pihcsa.com\",\"rol\":\"INVITADO\",\"departamento\":\"SISTEMAS\",\"estatus\":\"ACTIVO\",\"created_at\":\"2026-01-20T22:28:22.000000Z\",\"updated_at\":\"2026-01-20T22:28:22.000000Z\"}}}','2026-01-21 04:30:18','2026-01-21 04:30:18'),(232,29,2,'CREATE','{\"mensaje\":\"Creacion de Equipo\",\"usuario_asignado\":\"DISPONIBLE\",\"rol\":\"INVITADO\",\"datos\":{\"serial\":\"J3DR904\",\"usuario_id\":\"79\",\"valor_inicial\":0,\"fecha_adquisicion\":\"2026-01-01\",\"vida_util_estimada\":\"5\",\"marca_equipo\":\"Dell\",\"tipo_equipo\":\"Laptop\",\"sistema_operativo\":\"Windows 11\",\"ubicacion_id\":\"1\",\"updated_at\":\"2026-01-20T22:30:18.000000Z\",\"created_at\":\"2026-01-20T22:30:18.000000Z\",\"id\":29,\"usuario\":{\"id\":79,\"name\":\"DISPONIBLE\",\"email\":\"disponible@pihcsa.com\",\"rol\":\"INVITADO\",\"departamento\":\"SISTEMAS\",\"estatus\":\"ACTIVO\",\"created_at\":\"2026-01-20T22:28:22.000000Z\",\"updated_at\":\"2026-01-20T22:28:22.000000Z\"}}}','2026-01-21 04:30:18','2026-01-21 04:30:18'),(233,29,2,'CREATE','{\"mensaje\":\"NUEVO COMPONENTE: Se sum\\u00f3 un monitor\",\"usuario_asignado\":\"DISPONIBLE\",\"rol\":\"INVITADO\",\"cambios\":{\"Monitor Adicional\":{\"antes\":\"Inexistente\",\"despues\":\"<ul class=\'list-unstyled mb-0\'><li><b>Marca:<\\/b> Dell<\\/li><li><b>S\\/N:<\\/b> INTEGRADO<\\/li><li><b>Escala:<\\/b> 14\\\"<\\/li><li><b>Interface:<\\/b> Integrado<\\/li><\\/ul>\"}}}','2026-01-21 04:30:18','2026-01-21 04:30:18'),(234,29,2,'CREATE','{\"mensaje\":\"NUEVO COMPONENTE: Se instal\\u00f3 una unidad de almacenamiento\",\"usuario_asignado\":\"DISPONIBLE\",\"rol\":\"INVITADO\",\"cambios\":{\"Disco Duro \\/ SSD\":{\"antes\":\"Inexistente\",\"despues\":\"<ul class=\'list-unstyled mb-0\'><li><b>Capacidad:<\\/b> 512GB<\\/li><li><b>Tipo:<\\/b> SSD<\\/li><li><b>Interface:<\\/b> SATA III<\\/li><\\/ul>\"}}}','2026-01-21 04:30:18','2026-01-21 04:30:18'),(235,29,2,'CREATE','{\"mensaje\":\"NUEVO COMPONENTE: Se sum\\u00f3 una Ram\",\"usuario_asignado\":\"DISPONIBLE\",\"rol\":\"INVITADO\",\"cambios\":{\"Ram Adicional\":{\"antes\":\"Inexistente\",\"despues\":\"<ul class=\'list-unstyled mb-0\'><li><b>Capacidad en GB:<\\/b> 8<\\/li><li><b>Clock Mhz:<\\/b> 2666<\\/li><li><b>Tipo CHZ:<\\/b> DDR4\\\"<\\/li><\\/ul>\"}}}','2026-01-21 04:30:19','2026-01-21 04:30:19'),(236,29,2,'CREATE','{\"mensaje\":\"NUEVO COMPONENTE: Se sum\\u00f3 un procesador\",\"usuario_asignado\":\"DISPONIBLE\",\"rol\":\"INVITADO\",\"cambios\":{\"Procesador Adicional\":{\"antes\":\"Inexistente\",\"despues\":\"<ul class=\'list-unstyled mb-0\'><li><b>Marca:<\\/b> Intel<\\/li><li><b>S\\/N:<\\/b> Core i5<\\/li><\\/ul>\"}}}','2026-01-21 04:30:19','2026-01-21 04:30:19'),(237,30,2,'CREATE','{\"mensaje\":\"Creacion de Equipo\",\"usuario_asignado\":\"HOME OFFICE\",\"rol\":\"INVITADO\",\"datos\":{\"serial\":\"Z9B1X5T6P3MW\",\"usuario_id\":\"80\",\"valor_inicial\":0,\"fecha_adquisicion\":\"2026-01-01\",\"vida_util_estimada\":\"5\",\"marca_equipo\":\"HP\",\"tipo_equipo\":\"Laptop\",\"sistema_operativo\":\"Windows 10\",\"ubicacion_id\":\"1\",\"updated_at\":\"2026-01-20T22:39:17.000000Z\",\"created_at\":\"2026-01-20T22:39:17.000000Z\",\"id\":30,\"usuario\":{\"id\":80,\"name\":\"HOME OFFICE\",\"email\":\"homeoffice@pihcsa.com\",\"rol\":\"INVITADO\",\"departamento\":\"VENTAS_PRIV\",\"estatus\":\"ACTIVO\",\"created_at\":\"2026-01-20T22:36:56.000000Z\",\"updated_at\":\"2026-01-20T22:36:56.000000Z\"}}}','2026-01-21 04:39:17','2026-01-21 04:39:17'),(238,30,2,'CREATE','{\"mensaje\":\"Creacion de Equipo\",\"usuario_asignado\":\"HOME OFFICE\",\"rol\":\"INVITADO\",\"datos\":{\"serial\":\"Z9B1X5T6P3MW\",\"usuario_id\":\"80\",\"valor_inicial\":0,\"fecha_adquisicion\":\"2026-01-01\",\"vida_util_estimada\":\"5\",\"marca_equipo\":\"HP\",\"tipo_equipo\":\"Laptop\",\"sistema_operativo\":\"Windows 10\",\"ubicacion_id\":\"1\",\"updated_at\":\"2026-01-20T22:39:17.000000Z\",\"created_at\":\"2026-01-20T22:39:17.000000Z\",\"id\":30,\"usuario\":{\"id\":80,\"name\":\"HOME OFFICE\",\"email\":\"homeoffice@pihcsa.com\",\"rol\":\"INVITADO\",\"departamento\":\"VENTAS_PRIV\",\"estatus\":\"ACTIVO\",\"created_at\":\"2026-01-20T22:36:56.000000Z\",\"updated_at\":\"2026-01-20T22:36:56.000000Z\"}}}','2026-01-21 04:39:17','2026-01-21 04:39:17'),(239,30,2,'CREATE','{\"mensaje\":\"NUEVO COMPONENTE: Se sum\\u00f3 un monitor\",\"usuario_asignado\":\"HOME OFFICE\",\"rol\":\"INVITADO\",\"cambios\":{\"Monitor Adicional\":{\"antes\":\"Inexistente\",\"despues\":\"<ul class=\'list-unstyled mb-0\'><li><b>Marca:<\\/b> HP<\\/li><li><b>S\\/N:<\\/b> INTEGRADO<\\/li><li><b>Escala:<\\/b> 14\\\"<\\/li><li><b>Interface:<\\/b> Integrado<\\/li><\\/ul>\"}}}','2026-01-21 04:39:17','2026-01-21 04:39:17'),(240,30,2,'CREATE','{\"mensaje\":\"NUEVO COMPONENTE: Se instal\\u00f3 una unidad de almacenamiento\",\"usuario_asignado\":\"HOME OFFICE\",\"rol\":\"INVITADO\",\"cambios\":{\"Disco Duro \\/ SSD\":{\"antes\":\"Inexistente\",\"despues\":\"<ul class=\'list-unstyled mb-0\'><li><b>Capacidad:<\\/b> 1TB<\\/li><li><b>Tipo:<\\/b> SSD<\\/li><li><b>Interface:<\\/b> SATA III<\\/li><\\/ul>\"}}}','2026-01-21 04:39:17','2026-01-21 04:39:17'),(241,30,2,'CREATE','{\"mensaje\":\"NUEVO COMPONENTE: Se sum\\u00f3 una Ram\",\"usuario_asignado\":\"HOME OFFICE\",\"rol\":\"INVITADO\",\"cambios\":{\"Ram Adicional\":{\"antes\":\"Inexistente\",\"despues\":\"<ul class=\'list-unstyled mb-0\'><li><b>Capacidad en GB:<\\/b> 8<\\/li><li><b>Clock Mhz:<\\/b> 2666<\\/li><li><b>Tipo CHZ:<\\/b> DDR4\\\"<\\/li><\\/ul>\"}}}','2026-01-21 04:39:17','2026-01-21 04:39:17'),(242,30,2,'CREATE','{\"mensaje\":\"NUEVO COMPONENTE: Se sum\\u00f3 un procesador\",\"usuario_asignado\":\"HOME OFFICE\",\"rol\":\"INVITADO\",\"cambios\":{\"Procesador Adicional\":{\"antes\":\"Inexistente\",\"despues\":\"<ul class=\'list-unstyled mb-0\'><li><b>Marca:<\\/b> Intel<\\/li><li><b>S\\/N:<\\/b> Core i5<\\/li><\\/ul>\"}}}','2026-01-21 04:39:18','2026-01-21 04:39:18'),(243,31,2,'CREATE','{\"mensaje\":\"Creacion de Equipo\",\"usuario_asignado\":\"Ivan Jahyr Nava\",\"rol\":\"INVITADO\",\"datos\":{\"serial\":\"SN\",\"usuario_id\":\"37\",\"valor_inicial\":0,\"fecha_adquisicion\":\"2026-01-01\",\"vida_util_estimada\":\"5\",\"marca_equipo\":\"HP\",\"tipo_equipo\":\"Laptop\",\"sistema_operativo\":\"Windows 10\",\"ubicacion_id\":\"1\",\"updated_at\":\"2026-01-20T23:41:44.000000Z\",\"created_at\":\"2026-01-20T23:41:44.000000Z\",\"id\":31,\"usuario\":{\"id\":37,\"name\":\"Ivan Jahyr Nava\",\"email\":\"ivan@pihcsa.com\",\"rol\":\"INVITADO\",\"departamento\":\"SISTEMAS\",\"estatus\":\"ACTIVO\",\"created_at\":\"2026-01-15T15:42:40.000000Z\",\"updated_at\":\"2026-01-15T17:59:40.000000Z\"}}}','2026-01-21 05:41:44','2026-01-21 05:41:44'),(244,31,2,'CREATE','{\"mensaje\":\"Creacion de Equipo\",\"usuario_asignado\":\"Ivan Jahyr Nava\",\"rol\":\"INVITADO\",\"datos\":{\"serial\":\"SN\",\"usuario_id\":\"37\",\"valor_inicial\":0,\"fecha_adquisicion\":\"2026-01-01\",\"vida_util_estimada\":\"5\",\"marca_equipo\":\"HP\",\"tipo_equipo\":\"Laptop\",\"sistema_operativo\":\"Windows 10\",\"ubicacion_id\":\"1\",\"updated_at\":\"2026-01-20T23:41:44.000000Z\",\"created_at\":\"2026-01-20T23:41:44.000000Z\",\"id\":31,\"usuario\":{\"id\":37,\"name\":\"Ivan Jahyr Nava\",\"email\":\"ivan@pihcsa.com\",\"rol\":\"INVITADO\",\"departamento\":\"SISTEMAS\",\"estatus\":\"ACTIVO\",\"created_at\":\"2026-01-15T15:42:40.000000Z\",\"updated_at\":\"2026-01-15T17:59:40.000000Z\"}}}','2026-01-21 05:41:45','2026-01-21 05:41:45'),(245,31,2,'CREATE','{\"mensaje\":\"NUEVO COMPONENTE: Se sum\\u00f3 un monitor\",\"usuario_asignado\":\"Ivan Jahyr Nava\",\"rol\":\"INVITADO\",\"cambios\":{\"Monitor Adicional\":{\"antes\":\"Inexistente\",\"despues\":\"<ul class=\'list-unstyled mb-0\'><li><b>Marca:<\\/b> HP<\\/li><li><b>S\\/N:<\\/b> SN<\\/li><li><b>Escala:<\\/b> 14\\\"<\\/li><li><b>Interface:<\\/b> Integrado<\\/li><\\/ul>\"}}}','2026-01-21 05:41:45','2026-01-21 05:41:45'),(246,31,2,'CREATE','{\"mensaje\":\"NUEVO COMPONENTE: Se instal\\u00f3 una unidad de almacenamiento\",\"usuario_asignado\":\"Ivan Jahyr Nava\",\"rol\":\"INVITADO\",\"cambios\":{\"Disco Duro \\/ SSD\":{\"antes\":\"Inexistente\",\"despues\":\"<ul class=\'list-unstyled mb-0\'><li><b>Capacidad:<\\/b> 1TB<\\/li><li><b>Tipo:<\\/b> HDD<\\/li><li><b>Interface:<\\/b> SATA III<\\/li><\\/ul>\"}}}','2026-01-21 05:41:45','2026-01-21 05:41:45'),(247,31,2,'CREATE','{\"mensaje\":\"NUEVO COMPONENTE: Se sum\\u00f3 una Ram\",\"usuario_asignado\":\"Ivan Jahyr Nava\",\"rol\":\"INVITADO\",\"cambios\":{\"Ram Adicional\":{\"antes\":\"Inexistente\",\"despues\":\"<ul class=\'list-unstyled mb-0\'><li><b>Capacidad en GB:<\\/b> 8<\\/li><li><b>Clock Mhz:<\\/b> 1600<\\/li><li><b>Tipo CHZ:<\\/b> DDR3\\\"<\\/li><\\/ul>\"}}}','2026-01-21 05:41:45','2026-01-21 05:41:45'),(248,31,2,'CREATE','{\"mensaje\":\"NUEVO COMPONENTE: Se sum\\u00f3 un procesador\",\"usuario_asignado\":\"Ivan Jahyr Nava\",\"rol\":\"INVITADO\",\"cambios\":{\"Procesador Adicional\":{\"antes\":\"Inexistente\",\"despues\":\"<ul class=\'list-unstyled mb-0\'><li><b>Marca:<\\/b> Intel<\\/li><li><b>S\\/N:<\\/b> Core i5<\\/li><\\/ul>\"}}}','2026-01-21 05:41:45','2026-01-21 05:41:45'),(249,32,2,'CREATE','{\"mensaje\":\"Creacion de Equipo\",\"usuario_asignado\":\"Manuel Hern\\u00e1ndez\",\"rol\":\"INVITADO\",\"datos\":{\"serial\":\"R1L3M7W8X9QC\",\"usuario_id\":\"62\",\"valor_inicial\":0,\"fecha_adquisicion\":\"2026-01-01\",\"vida_util_estimada\":\"5\",\"marca_equipo\":\"Dell\",\"tipo_equipo\":\"Laptop\",\"sistema_operativo\":\"Windows 11\",\"ubicacion_id\":\"1\",\"updated_at\":\"2026-01-20T23:54:31.000000Z\",\"created_at\":\"2026-01-20T23:54:31.000000Z\",\"id\":32,\"usuario\":{\"id\":62,\"name\":\"Manuel Hern\\u00e1ndez\",\"email\":\"gteabastoyd@gmmed.mx\",\"rol\":\"INVITADO\",\"departamento\":\"COMPRAS\",\"estatus\":\"ACTIVO\",\"created_at\":\"2026-01-15T18:58:42.000000Z\",\"updated_at\":\"2026-01-15T18:58:42.000000Z\"}}}','2026-01-21 05:54:31','2026-01-21 05:54:31'),(250,32,2,'CREATE','{\"mensaje\":\"Creacion de Equipo\",\"usuario_asignado\":\"Manuel Hern\\u00e1ndez\",\"rol\":\"INVITADO\",\"datos\":{\"serial\":\"R1L3M7W8X9QC\",\"usuario_id\":\"62\",\"valor_inicial\":0,\"fecha_adquisicion\":\"2026-01-01\",\"vida_util_estimada\":\"5\",\"marca_equipo\":\"Dell\",\"tipo_equipo\":\"Laptop\",\"sistema_operativo\":\"Windows 11\",\"ubicacion_id\":\"1\",\"updated_at\":\"2026-01-20T23:54:31.000000Z\",\"created_at\":\"2026-01-20T23:54:31.000000Z\",\"id\":32,\"usuario\":{\"id\":62,\"name\":\"Manuel Hern\\u00e1ndez\",\"email\":\"gteabastoyd@gmmed.mx\",\"rol\":\"INVITADO\",\"departamento\":\"COMPRAS\",\"estatus\":\"ACTIVO\",\"created_at\":\"2026-01-15T18:58:42.000000Z\",\"updated_at\":\"2026-01-15T18:58:42.000000Z\"}}}','2026-01-21 05:54:31','2026-01-21 05:54:31'),(251,32,2,'CREATE','{\"mensaje\":\"NUEVO COMPONENTE: Se sum\\u00f3 un monitor\",\"usuario_asignado\":\"Manuel Hern\\u00e1ndez\",\"rol\":\"INVITADO\",\"cambios\":{\"Monitor Adicional\":{\"antes\":\"Inexistente\",\"despues\":\"<ul class=\'list-unstyled mb-0\'><li><b>Marca:<\\/b> Dell<\\/li><li><b>S\\/N:<\\/b> INTEGRADO<\\/li><li><b>Escala:<\\/b> 14\\\"<\\/li><li><b>Interface:<\\/b> Integrado<\\/li><\\/ul>\"}}}','2026-01-21 05:54:31','2026-01-21 05:54:31'),(252,32,2,'CREATE','{\"mensaje\":\"NUEVO COMPONENTE: Se instal\\u00f3 una unidad de almacenamiento\",\"usuario_asignado\":\"Manuel Hern\\u00e1ndez\",\"rol\":\"INVITADO\",\"cambios\":{\"Disco Duro \\/ SSD\":{\"antes\":\"Inexistente\",\"despues\":\"<ul class=\'list-unstyled mb-0\'><li><b>Capacidad:<\\/b> 240GB<\\/li><li><b>Tipo:<\\/b> SSD<\\/li><li><b>Interface:<\\/b> SATA III<\\/li><\\/ul>\"}}}','2026-01-21 05:54:31','2026-01-21 05:54:31'),(253,32,2,'CREATE','{\"mensaje\":\"NUEVO COMPONENTE: Se sum\\u00f3 una Ram\",\"usuario_asignado\":\"Manuel Hern\\u00e1ndez\",\"rol\":\"INVITADO\",\"cambios\":{\"Ram Adicional\":{\"antes\":\"Inexistente\",\"despues\":\"<ul class=\'list-unstyled mb-0\'><li><b>Capacidad en GB:<\\/b> 8<\\/li><li><b>Clock Mhz:<\\/b> 2666<\\/li><li><b>Tipo CHZ:<\\/b> DDR4\\\"<\\/li><\\/ul>\"}}}','2026-01-21 05:54:31','2026-01-21 05:54:31'),(254,32,2,'CREATE','{\"mensaje\":\"NUEVO COMPONENTE: Se sum\\u00f3 un Periferico\",\"usuario_asignado\":\"Manuel Hern\\u00e1ndez\",\"rol\":\"INVITADO\",\"cambios\":{\"Periferico Adicional\":{\"antes\":\"Inexistente\",\"despues\":\"<ul class=\'list-unstyled mb-0\'><li><b>Tipo:<\\/b> Teclado<\\/li><li><b>Marca:<\\/b> Logitech<\\/li><li><b>Serial:<\\/b> SN\\\"<\\/li><li><b>Interface:<\\/b> USB<\\/li><\\/ul>\"}}}','2026-01-21 05:54:32','2026-01-21 05:54:32'),(255,32,2,'CREATE','{\"mensaje\":\"NUEVO COMPONENTE: Se sum\\u00f3 un procesador\",\"usuario_asignado\":\"Manuel Hern\\u00e1ndez\",\"rol\":\"INVITADO\",\"cambios\":{\"Procesador Adicional\":{\"antes\":\"Inexistente\",\"despues\":\"<ul class=\'list-unstyled mb-0\'><li><b>Marca:<\\/b> Intel<\\/li><li><b>S\\/N:<\\/b> Core i5<\\/li><\\/ul>\"}}}','2026-01-21 05:54:32','2026-01-21 05:54:32'),(256,33,2,'CREATE','{\"mensaje\":\"Creacion de Equipo\",\"usuario_asignado\":\"Andrea Maga\\u00f1a\",\"rol\":\"INVITADO\",\"datos\":{\"serial\":\"U7Z3P8K1N6LX\",\"usuario_id\":\"64\",\"valor_inicial\":0,\"fecha_adquisicion\":\"2026-01-01\",\"vida_util_estimada\":\"5\",\"marca_equipo\":\"Lenovo\",\"tipo_equipo\":\"PC Escritorio\",\"sistema_operativo\":\"Windows 10\",\"ubicacion_id\":\"1\",\"updated_at\":\"2026-01-20T23:59:50.000000Z\",\"created_at\":\"2026-01-20T23:59:50.000000Z\",\"id\":33,\"usuario\":{\"id\":64,\"name\":\"Andrea Maga\\u00f1a\",\"email\":\"anmagana@gmmed.mx\",\"rol\":\"INVITADO\",\"departamento\":\"COBRANZA\",\"estatus\":\"ACTIVO\",\"created_at\":\"2026-01-15T19:01:50.000000Z\",\"updated_at\":\"2026-01-15T19:01:50.000000Z\"}}}','2026-01-21 05:59:50','2026-01-21 05:59:50'),(257,33,2,'CREATE','{\"mensaje\":\"Creacion de Equipo\",\"usuario_asignado\":\"Andrea Maga\\u00f1a\",\"rol\":\"INVITADO\",\"datos\":{\"serial\":\"U7Z3P8K1N6LX\",\"usuario_id\":\"64\",\"valor_inicial\":0,\"fecha_adquisicion\":\"2026-01-01\",\"vida_util_estimada\":\"5\",\"marca_equipo\":\"Lenovo\",\"tipo_equipo\":\"PC Escritorio\",\"sistema_operativo\":\"Windows 10\",\"ubicacion_id\":\"1\",\"updated_at\":\"2026-01-20T23:59:50.000000Z\",\"created_at\":\"2026-01-20T23:59:50.000000Z\",\"id\":33,\"usuario\":{\"id\":64,\"name\":\"Andrea Maga\\u00f1a\",\"email\":\"anmagana@gmmed.mx\",\"rol\":\"INVITADO\",\"departamento\":\"COBRANZA\",\"estatus\":\"ACTIVO\",\"created_at\":\"2026-01-15T19:01:50.000000Z\",\"updated_at\":\"2026-01-15T19:01:50.000000Z\"}}}','2026-01-21 05:59:50','2026-01-21 05:59:50'),(258,33,2,'CREATE','{\"mensaje\":\"NUEVO COMPONENTE: Se sum\\u00f3 un monitor\",\"usuario_asignado\":\"Andrea Maga\\u00f1a\",\"rol\":\"INVITADO\",\"cambios\":{\"Monitor Adicional\":{\"antes\":\"Inexistente\",\"despues\":\"<ul class=\'list-unstyled mb-0\'><li><b>Marca:<\\/b> LG<\\/li><li><b>S\\/N:<\\/b> G0425<\\/li><li><b>Escala:<\\/b> 20\\\"<\\/li><li><b>Interface:<\\/b> VGA<\\/li><\\/ul>\"}}}','2026-01-21 05:59:50','2026-01-21 05:59:50'),(259,33,2,'CREATE','{\"mensaje\":\"NUEVO COMPONENTE: Se instal\\u00f3 una unidad de almacenamiento\",\"usuario_asignado\":\"Andrea Maga\\u00f1a\",\"rol\":\"INVITADO\",\"cambios\":{\"Disco Duro \\/ SSD\":{\"antes\":\"Inexistente\",\"despues\":\"<ul class=\'list-unstyled mb-0\'><li><b>Capacidad:<\\/b> 500GB<\\/li><li><b>Tipo:<\\/b> SSD<\\/li><li><b>Interface:<\\/b> SATA III<\\/li><\\/ul>\"}}}','2026-01-21 05:59:50','2026-01-21 05:59:50'),(260,33,2,'CREATE','{\"mensaje\":\"NUEVO COMPONENTE: Se sum\\u00f3 una Ram\",\"usuario_asignado\":\"Andrea Maga\\u00f1a\",\"rol\":\"INVITADO\",\"cambios\":{\"Ram Adicional\":{\"antes\":\"Inexistente\",\"despues\":\"<ul class=\'list-unstyled mb-0\'><li><b>Capacidad en GB:<\\/b> 16<\\/li><li><b>Clock Mhz:<\\/b> 2666<\\/li><li><b>Tipo CHZ:<\\/b> DDR4\\\"<\\/li><\\/ul>\"}}}','2026-01-21 05:59:50','2026-01-21 05:59:50'),(261,33,2,'CREATE','{\"mensaje\":\"NUEVO COMPONENTE: Se sum\\u00f3 un Periferico\",\"usuario_asignado\":\"Andrea Maga\\u00f1a\",\"rol\":\"INVITADO\",\"cambios\":{\"Periferico Adicional\":{\"antes\":\"Inexistente\",\"despues\":\"<ul class=\'list-unstyled mb-0\'><li><b>Tipo:<\\/b> Teclado<\\/li><li><b>Marca:<\\/b> Logitech<\\/li><li><b>Serial:<\\/b> SN\\\"<\\/li><li><b>Interface:<\\/b> USB<\\/li><\\/ul>\"}}}','2026-01-21 05:59:50','2026-01-21 05:59:50'),(262,33,2,'CREATE','{\"mensaje\":\"NUEVO COMPONENTE: Se sum\\u00f3 un procesador\",\"usuario_asignado\":\"Andrea Maga\\u00f1a\",\"rol\":\"INVITADO\",\"cambios\":{\"Procesador Adicional\":{\"antes\":\"Inexistente\",\"despues\":\"<ul class=\'list-unstyled mb-0\'><li><b>Marca:<\\/b> Intel<\\/li><li><b>S\\/N:<\\/b> Core i5<\\/li><\\/ul>\"}}}','2026-01-21 05:59:51','2026-01-21 05:59:51');
/*!40000 ALTER TABLE `historiales_log` ENABLE KEYS */;
UNLOCK TABLES;

--
-- Table structure for table `migrations`
--

DROP TABLE IF EXISTS `migrations`;
/*!40101 SET @saved_cs_client     = @@character_set_client */;
/*!40101 SET character_set_client = utf8 */;
CREATE TABLE `migrations` (
  `id` int(10) unsigned NOT NULL AUTO_INCREMENT,
  `migration` varchar(255) NOT NULL,
  `batch` int(11) NOT NULL,
  PRIMARY KEY (`id`)
) ENGINE=InnoDB AUTO_INCREMENT=20 DEFAULT CHARSET=utf8mb4 COLLATE=utf8mb4_unicode_ci;
/*!40101 SET character_set_client = @saved_cs_client */;

--
-- Dumping data for table `migrations`
--

LOCK TABLES `migrations` WRITE;
/*!40000 ALTER TABLE `migrations` DISABLE KEYS */;
INSERT INTO `migrations` VALUES (1,'2019_12_14_000001_create_personal_access_tokens_table',1),(2,'2025_11_19_203722_create_products_table',1),(3,'2025_11_19_204126_create_users_table',1),(4,'2025_11_19_205912_create_ubicaciones_table',1),(5,'2025_11_19_210833_create_equipos_table',1),(6,'2025_11_19_211748_create_historiales_log_table',1),(7,'2025_11_19_212251_create_historiales_log_table',1),(8,'2025_11_19_212612_create_discos_duros_table',1),(9,'2025_11_19_213123_create_monitores_table',1),(10,'2025_11_19_213427_create_rams_table',1),(11,'2025_11_19_213950_create_perifericos_table',1),(12,'2025_11_19_214221_create_procesadores_table',1),(13,'2025_11_19_220556_rename_correo_to_email_in_users_table',1),(14,'2025_11_19_220850_rename_nombre_to_name_in_users_table',1),(15,'2026_01_09_110259_add_soft_deletes_to_equipos_table',2),(17,'2026_01_09_110931_change_sistema_operativo_size_in_equipos_table',3),(18,'2026_01_12_180745_create_imagens_table',4),(19,'2026_01_13_014101_remove_deleted_at_from_equipos_table',5);
/*!40000 ALTER TABLE `migrations` ENABLE KEYS */;
UNLOCK TABLES;

--
-- Table structure for table `monitores`
--

DROP TABLE IF EXISTS `monitores`;
/*!40101 SET @saved_cs_client     = @@character_set_client */;
/*!40101 SET character_set_client = utf8 */;
CREATE TABLE `monitores` (
  `id` bigint(20) unsigned NOT NULL AUTO_INCREMENT,
  `equipo_id` bigint(20) unsigned NOT NULL,
  `marca` varchar(255) NOT NULL,
  `serial` varchar(255) NOT NULL,
  `escala_pulgadas` varchar(255) NOT NULL,
  `interface` varchar(255) NOT NULL,
  `created_at` timestamp NULL DEFAULT NULL,
  `updated_at` timestamp NULL DEFAULT NULL,
  PRIMARY KEY (`id`),
  KEY `monitores_equipo_id_foreign` (`equipo_id`),
  CONSTRAINT `monitores_equipo_id_foreign` FOREIGN KEY (`equipo_id`) REFERENCES `equipos` (`id`) ON DELETE CASCADE
) ENGINE=InnoDB AUTO_INCREMENT=41 DEFAULT CHARSET=utf8mb4 COLLATE=utf8mb4_unicode_ci;
/*!40101 SET character_set_client = @saved_cs_client */;

--
-- Dumping data for table `monitores`
--

LOCK TABLES `monitores` WRITE;
/*!40000 ALTER TABLE `monitores` DISABLE KEYS */;
INSERT INTO `monitores` VALUES (12,5,'Acer','SN62107948585','20','VGA','2026-01-20 01:19:41','2026-01-20 01:19:41'),(16,9,'Acer','X9D3QPLM7785','20','VGA','2026-01-20 02:05:32','2026-01-20 02:05:32'),(17,10,'Acer','M8X2K7R5Z9N3','20','VGA','2026-01-20 23:25:56','2026-01-20 23:25:56'),(18,11,'LANIX','SN1993','19','VGA','2026-01-20 23:48:56','2026-01-20 23:48:56'),(19,12,'HP','SNJH97','19','VGA','2026-01-20 23:57:44','2026-01-20 23:57:44'),(20,13,'LG','T1C9V4J8L6B2','22','VGA','2026-01-21 00:05:31','2026-01-21 00:05:31'),(21,14,'LG','G1092','20','VGA','2026-01-21 00:10:43','2026-01-21 00:10:43'),(22,15,'HP','INTEGRADO','24','Integrado','2026-01-21 00:29:48','2026-01-21 00:29:48'),(23,16,'HP','INTEGRADO','24','Integrado','2026-01-21 00:33:11','2026-01-21 00:33:11'),(24,17,'Lenovo','INTEGRADO','24','Integrado','2026-01-21 00:38:51','2026-01-21 00:38:51'),(25,18,'Lenovo','INTEGRADO','24','HDMI','2026-01-21 00:47:03','2026-01-21 00:47:03'),(26,19,'HP','INTEGRADO','24','Integrado','2026-01-21 01:03:41','2026-01-21 01:03:41'),(27,20,'HP','INTEGRADO','24','Integrado','2026-01-21 01:06:47','2026-01-21 01:06:47'),(28,21,'HP','SN1GRX','19','VGA','2026-01-21 01:16:46','2026-01-21 01:16:46'),(29,22,'HP','INTEGRADO','14','Integrado','2026-01-21 01:40:29','2026-01-21 01:40:29'),(30,23,'HP','INTEGRADO','14','Integrado','2026-01-21 01:52:55','2026-01-21 01:52:55'),(31,24,'Lenovo','INTEGRADO','15','Integrado','2026-01-21 01:56:12','2026-01-21 01:56:12'),(32,25,'Lenovo','INTEGRADO','24','Integrado','2026-01-21 02:03:24','2026-01-21 02:03:24'),(33,26,'Lenovo','INTEGRADO','14','Integrado','2026-01-21 04:13:57','2026-01-21 04:13:57'),(34,27,'Dell','INTEGRADO','14','Integrado','2026-01-21 04:20:29','2026-01-21 04:20:29'),(35,28,'Dell','INTEGRADO','14','Integrado','2026-01-21 04:26:37','2026-01-21 04:26:37'),(36,29,'Dell','INTEGRADO','14','Integrado','2026-01-21 04:30:18','2026-01-21 04:30:18'),(37,30,'HP','INTEGRADO','14','Integrado','2026-01-21 04:39:17','2026-01-21 04:39:17'),(38,31,'HP','SN','14','Integrado','2026-01-21 05:41:45','2026-01-21 05:41:45'),(39,32,'Dell','INTEGRADO','14','Integrado','2026-01-21 05:54:31','2026-01-21 05:54:31'),(40,33,'LG','G0425','20','VGA','2026-01-21 05:59:50','2026-01-21 05:59:50');
/*!40000 ALTER TABLE `monitores` ENABLE KEYS */;
UNLOCK TABLES;

--
-- Table structure for table `perifericos`
--

DROP TABLE IF EXISTS `perifericos`;
/*!40101 SET @saved_cs_client     = @@character_set_client */;
/*!40101 SET character_set_client = utf8 */;
CREATE TABLE `perifericos` (
  `id` bigint(20) unsigned NOT NULL AUTO_INCREMENT,
  `equipo_id` bigint(20) unsigned NOT NULL,
  `tipo` varchar(255) NOT NULL,
  `marca` varchar(255) NOT NULL,
  `serial` varchar(255) NOT NULL,
  `interface` varchar(255) NOT NULL,
  `created_at` timestamp NULL DEFAULT NULL,
  `updated_at` timestamp NULL DEFAULT NULL,
  PRIMARY KEY (`id`),
  KEY `perifericos_equipo_id_foreign` (`equipo_id`),
  CONSTRAINT `perifericos_equipo_id_foreign` FOREIGN KEY (`equipo_id`) REFERENCES `equipos` (`id`) ON DELETE CASCADE
) ENGINE=InnoDB AUTO_INCREMENT=36 DEFAULT CHARSET=utf8mb4 COLLATE=utf8mb4_unicode_ci;
/*!40101 SET character_set_client = @saved_cs_client */;

--
-- Dumping data for table `perifericos`
--

LOCK TABLES `perifericos` WRITE;
/*!40000 ALTER TABLE `perifericos` DISABLE KEYS */;
INSERT INTO `perifericos` VALUES (17,5,'Teclado','Logitech','2230MR092FA8','USB','2026-01-20 01:19:41','2026-01-20 01:19:41'),(18,9,'Teclado','Logitech','2437MRW22JC8','USB','2026-01-20 02:05:32','2026-01-20 02:05:32'),(19,10,'Teclado','Logitech','SN','USB','2026-01-20 23:25:57','2026-01-20 23:25:57'),(20,11,'Teclado','Logitech','2103MR1C2088','USB','2026-01-20 23:48:57','2026-01-20 23:48:57'),(21,12,'Teclado','Logitech','SN','USB','2026-01-20 23:57:45','2026-01-20 23:57:45'),(22,13,'Teclado','Microsoft','SN','USB','2026-01-21 00:05:32','2026-01-21 00:05:32'),(23,14,'Teclado','Logitech','SN','USB','2026-01-21 00:10:44','2026-01-21 00:10:44'),(24,15,'Teclado','Logitech','SN','USB','2026-01-21 00:29:49','2026-01-21 00:29:49'),(25,16,'Teclado','Logitech','SN','USB','2026-01-21 00:33:13','2026-01-21 00:33:13'),(26,17,'Teclado','Logitech','SN','USB','2026-01-21 00:38:52','2026-01-21 00:38:52'),(27,18,'Teclado','Logitech','SN','USB','2026-01-21 00:47:03','2026-01-21 00:47:03'),(28,19,'Teclado','Logitech','SN','USB','2026-01-21 01:03:42','2026-01-21 01:03:42'),(29,20,'Teclado','Logitech','SN','USB','2026-01-21 01:06:48','2026-01-21 01:06:48'),(30,21,'Teclado','Logitech','SN','USB','2026-01-21 01:16:46','2026-01-21 01:16:46'),(31,22,'Teclado','Logitech','2231MR0ACDD8','USB','2026-01-21 01:40:30','2026-01-21 01:40:30'),(32,23,'Teclado','Logitech','SN','USB','2026-01-21 01:52:55','2026-01-21 01:52:55'),(33,25,'Teclado','Lenovo','SN','USB','2026-01-21 02:03:24','2026-01-21 02:03:24'),(34,32,'Teclado','Logitech','SN','USB','2026-01-21 05:54:32','2026-01-21 05:54:32'),(35,33,'Teclado','Logitech','SN','USB','2026-01-21 05:59:50','2026-01-21 05:59:50');
/*!40000 ALTER TABLE `perifericos` ENABLE KEYS */;
UNLOCK TABLES;

--
-- Table structure for table `personal_access_tokens`
--

DROP TABLE IF EXISTS `personal_access_tokens`;
/*!40101 SET @saved_cs_client     = @@character_set_client */;
/*!40101 SET character_set_client = utf8 */;
CREATE TABLE `personal_access_tokens` (
  `id` bigint(20) unsigned NOT NULL AUTO_INCREMENT,
  `tokenable_type` varchar(255) NOT NULL,
  `tokenable_id` bigint(20) unsigned NOT NULL,
  `name` varchar(255) NOT NULL,
  `token` varchar(64) NOT NULL,
  `abilities` text DEFAULT NULL,
  `last_used_at` timestamp NULL DEFAULT NULL,
  `expires_at` timestamp NULL DEFAULT NULL,
  `created_at` timestamp NULL DEFAULT NULL,
  `updated_at` timestamp NULL DEFAULT NULL,
  PRIMARY KEY (`id`),
  UNIQUE KEY `personal_access_tokens_token_unique` (`token`),
  KEY `personal_access_tokens_tokenable_type_tokenable_id_index` (`tokenable_type`,`tokenable_id`)
) ENGINE=InnoDB DEFAULT CHARSET=utf8mb4 COLLATE=utf8mb4_unicode_ci;
/*!40101 SET character_set_client = @saved_cs_client */;

--
-- Dumping data for table `personal_access_tokens`
--

LOCK TABLES `personal_access_tokens` WRITE;
/*!40000 ALTER TABLE `personal_access_tokens` DISABLE KEYS */;
/*!40000 ALTER TABLE `personal_access_tokens` ENABLE KEYS */;
UNLOCK TABLES;

--
-- Table structure for table `procesadores`
--

DROP TABLE IF EXISTS `procesadores`;
/*!40101 SET @saved_cs_client     = @@character_set_client */;
/*!40101 SET character_set_client = utf8 */;
CREATE TABLE `procesadores` (
  `id` bigint(20) unsigned NOT NULL AUTO_INCREMENT,
  `equipo_id` bigint(20) unsigned NOT NULL,
  `marca` varchar(255) NOT NULL,
  `descripcion_tipo` varchar(255) NOT NULL,
  `created_at` timestamp NULL DEFAULT NULL,
  `updated_at` timestamp NULL DEFAULT NULL,
  PRIMARY KEY (`id`),
  KEY `procesadores_equipo_id_foreign` (`equipo_id`),
  CONSTRAINT `procesadores_equipo_id_foreign` FOREIGN KEY (`equipo_id`) REFERENCES `equipos` (`id`) ON DELETE CASCADE
) ENGINE=InnoDB AUTO_INCREMENT=38 DEFAULT CHARSET=utf8mb4 COLLATE=utf8mb4_unicode_ci;
/*!40101 SET character_set_client = @saved_cs_client */;

--
-- Dumping data for table `procesadores`
--

LOCK TABLES `procesadores` WRITE;
/*!40000 ALTER TABLE `procesadores` DISABLE KEYS */;
INSERT INTO `procesadores` VALUES (13,5,'AMD','Ryzen 3','2026-01-20 01:19:41','2026-01-20 01:19:41'),(14,9,'Intel','Core i5','2026-01-20 02:05:32','2026-01-20 02:05:32'),(15,10,'Intel','Core i5','2026-01-20 23:25:57','2026-01-20 23:25:57'),(16,11,'AMD','A8-9600','2026-01-20 23:48:58','2026-01-20 23:48:58'),(17,12,'AMD','A10-9700 R7','2026-01-20 23:57:45','2026-01-20 23:57:45'),(18,13,'AMD','A10-9700 R7','2026-01-21 00:05:32','2026-01-21 00:05:32'),(19,14,'Intel','Core i5','2026-01-21 00:10:44','2026-01-21 00:10:44'),(20,16,'Intel','Core i5','2026-01-21 00:33:13','2026-01-21 00:33:13'),(21,17,'Intel','Core i5','2026-01-21 00:38:52','2026-01-21 00:38:52'),(22,18,'Intel','Core i5','2026-01-21 00:47:03','2026-01-21 00:47:03'),(23,19,'Intel','Core i3','2026-01-21 01:03:42','2026-01-21 01:03:42'),(24,20,'Intel','Core i3','2026-01-21 01:06:48','2026-01-21 01:06:48'),(25,21,'AMD','A10-9700 R7','2026-01-21 01:16:46','2026-01-21 01:16:46'),(26,22,'Intel','Core i3','2026-01-21 01:40:30','2026-01-21 01:40:30'),(27,23,'Intel','Core i3','2026-01-21 01:52:55','2026-01-21 01:52:55'),(28,24,'Intel','Core i3','2026-01-21 01:56:12','2026-01-21 01:56:12'),(29,25,'Intel','Core i5','2026-01-21 02:03:24','2026-01-21 02:03:24'),(30,26,'Intel','Core i3','2026-01-21 04:13:57','2026-01-21 04:13:57'),(31,27,'Intel','Core i5','2026-01-21 04:20:29','2026-01-21 04:20:29'),(32,28,'Intel','Core i5','2026-01-21 04:26:38','2026-01-21 04:26:38'),(33,29,'Intel','Core i5','2026-01-21 04:30:19','2026-01-21 04:30:19'),(34,30,'Intel','Core i5','2026-01-21 04:39:17','2026-01-21 04:39:17'),(35,31,'Intel','Core i5','2026-01-21 05:41:45','2026-01-21 05:41:45'),(36,32,'Intel','Core i5','2026-01-21 05:54:32','2026-01-21 05:54:32'),(37,33,'Intel','Core i5','2026-01-21 05:59:50','2026-01-21 05:59:50');
/*!40000 ALTER TABLE `procesadores` ENABLE KEYS */;
UNLOCK TABLES;

--
-- Table structure for table `rams`
--

DROP TABLE IF EXISTS `rams`;
/*!40101 SET @saved_cs_client     = @@character_set_client */;
/*!40101 SET character_set_client = utf8 */;
CREATE TABLE `rams` (
  `id` bigint(20) unsigned NOT NULL AUTO_INCREMENT,
  `equipo_id` bigint(20) unsigned NOT NULL,
  `capacidad_gb` varchar(255) NOT NULL,
  `clock_mhz` varchar(255) DEFAULT NULL,
  `tipo_chz` varchar(255) DEFAULT NULL,
  `created_at` timestamp NULL DEFAULT NULL,
  `updated_at` timestamp NULL DEFAULT NULL,
  PRIMARY KEY (`id`),
  KEY `rams_equipo_id_foreign` (`equipo_id`),
  CONSTRAINT `rams_equipo_id_foreign` FOREIGN KEY (`equipo_id`) REFERENCES `equipos` (`id`) ON DELETE CASCADE
) ENGINE=InnoDB AUTO_INCREMENT=41 DEFAULT CHARSET=utf8mb4 COLLATE=utf8mb4_unicode_ci;
/*!40101 SET character_set_client = @saved_cs_client */;

--
-- Dumping data for table `rams`
--

LOCK TABLES `rams` WRITE;
/*!40000 ALTER TABLE `rams` DISABLE KEYS */;
INSERT INTO `rams` VALUES (12,5,'8','2666','DDR4','2026-01-20 01:19:41','2026-01-20 01:19:41'),(16,9,'12','2666','DDR3','2026-01-20 02:05:32','2026-01-20 02:05:32'),(17,10,'16','2666','DDR3','2026-01-20 23:25:56','2026-01-20 23:25:56'),(18,11,'8','2400','DDR4','2026-01-20 23:48:57','2026-01-20 23:48:57'),(19,12,'16','2666','DDR4','2026-01-20 23:57:44','2026-01-20 23:57:44'),(20,13,'16','2666','DDR4','2026-01-21 00:05:32','2026-01-21 00:05:32'),(21,14,'16','2666','DDR4','2026-01-21 00:10:44','2026-01-21 00:10:44'),(22,15,'8','2666','DDR4','2026-01-21 00:29:48','2026-01-21 00:29:48'),(23,16,'8','2666','DDR4','2026-01-21 00:33:12','2026-01-21 00:33:12'),(24,17,'16','2666','DDR4','2026-01-21 00:38:51','2026-01-21 00:38:51'),(25,18,'8','2666','DDR3','2026-01-21 00:47:03','2026-01-21 00:47:03'),(26,19,'16','2666','DDR4','2026-01-21 01:03:41','2026-01-21 01:03:41'),(27,20,'16','2666','DDR4','2026-01-21 01:06:48','2026-01-21 01:06:48'),(28,21,'16','2400','DDR4','2026-01-21 01:16:46','2026-01-21 01:16:46'),(29,22,'12','2666','DDR4','2026-01-21 01:40:30','2026-01-21 01:40:30'),(30,23,'12','2666','DDR4','2026-01-21 01:52:55','2026-01-21 01:52:55'),(31,24,'8','2666','DDR4','2026-01-21 01:56:12','2026-01-21 01:56:12'),(32,25,'16','2666','DDR4','2026-01-21 02:03:24','2026-01-21 02:03:24'),(33,26,'12','1600','DDR3','2026-01-21 04:13:57','2026-01-21 04:13:57'),(34,27,'16','2666','DDR4','2026-01-21 04:20:29','2026-01-21 04:20:29'),(35,28,'8','2666','DDR4','2026-01-21 04:26:38','2026-01-21 04:26:38'),(36,29,'8','2666','DDR4','2026-01-21 04:30:18','2026-01-21 04:30:18'),(37,30,'8','2666','DDR4','2026-01-21 04:39:17','2026-01-21 04:39:17'),(38,31,'8','1600','DDR3','2026-01-21 05:41:45','2026-01-21 05:41:45'),(39,32,'8','2666','DDR4','2026-01-21 05:54:31','2026-01-21 05:54:31'),(40,33,'16','2666','DDR4','2026-01-21 05:59:50','2026-01-21 05:59:50');
/*!40000 ALTER TABLE `rams` ENABLE KEYS */;
UNLOCK TABLES;

--
-- Table structure for table `ubicaciones`
--

DROP TABLE IF EXISTS `ubicaciones`;
/*!40101 SET @saved_cs_client     = @@character_set_client */;
/*!40101 SET character_set_client = utf8 */;
CREATE TABLE `ubicaciones` (
  `id` bigint(20) unsigned NOT NULL AUTO_INCREMENT,
  `nombre` varchar(255) NOT NULL,
  `codigo` varchar(255) NOT NULL,
  `created_at` timestamp NULL DEFAULT NULL,
  `updated_at` timestamp NULL DEFAULT NULL,
  PRIMARY KEY (`id`)
) ENGINE=InnoDB AUTO_INCREMENT=7 DEFAULT CHARSET=utf8mb4 COLLATE=utf8mb4_unicode_ci;
/*!40101 SET character_set_client = @saved_cs_client */;

--
-- Dumping data for table `ubicaciones`
--

LOCK TABLES `ubicaciones` WRITE;
/*!40000 ALTER TABLE `ubicaciones` DISABLE KEYS */;
INSERT INTO `ubicaciones` VALUES (1,'Morelia, Michoacan','58200','2026-01-09 17:08:28','2026-01-16 22:25:26'),(2,'CDMX','04600','2026-01-15 20:53:53','2026-01-15 20:53:53'),(3,'CHIHUAHUA','31054','2026-01-15 20:54:17','2026-01-15 20:54:17'),(4,'GUADALAJARA','44320','2026-01-15 20:55:26','2026-01-15 20:55:26'),(5,'LEON','37218','2026-01-15 20:56:11','2026-01-15 20:56:11'),(6,'TOLUCA','50200','2026-01-15 20:57:38','2026-01-15 20:57:38');
/*!40000 ALTER TABLE `ubicaciones` ENABLE KEYS */;
UNLOCK TABLES;

--
-- Table structure for table `users`
--

DROP TABLE IF EXISTS `users`;
/*!40101 SET @saved_cs_client     = @@character_set_client */;
/*!40101 SET character_set_client = utf8 */;
CREATE TABLE `users` (
  `id` bigint(20) unsigned NOT NULL AUTO_INCREMENT,
  `name` varchar(255) NOT NULL,
  `email` varchar(255) NOT NULL,
  `rol` varchar(50) NOT NULL DEFAULT 'SISTEMAS' COMMENT 'ADMIN, SISTEMAS, CONTABILIDAD.',
  `departamento` varchar(255) NOT NULL,
  `password` varchar(255) NOT NULL,
  `estatus` varchar(50) NOT NULL DEFAULT 'ACTIVO',
  `remember_token` varchar(100) DEFAULT NULL,
  `created_at` timestamp NULL DEFAULT NULL,
  `updated_at` timestamp NULL DEFAULT NULL,
  PRIMARY KEY (`id`),
  UNIQUE KEY `users_correo_unique` (`email`)
) ENGINE=InnoDB AUTO_INCREMENT=81 DEFAULT CHARSET=utf8mb4 COLLATE=utf8mb4_unicode_ci;
/*!40101 SET character_set_client = @saved_cs_client */;

--
-- Dumping data for table `users`
--

LOCK TABLES `users` WRITE;
/*!40000 ALTER TABLE `users` DISABLE KEYS */;
INSERT INTO `users` VALUES (1,'Ingeniero Marcos','marcos@pihcsa.com','ADMIN','SISTEMAS','$2y$12$Tjg.fsm/tgVZw3FtVJKEX.W0DUfebDYRFdmhO0O7tZyCXLiKGHFgq','ACTIVO',NULL,NULL,'2026-01-16 00:24:01'),(2,'Israel Erick Razo Falcón','israel@pihcsa.com','ADMIN','SISTEMAS','$2y$12$ENAci7R9JDifvXQqN2cRiud96YdrbR1yFyRzW1dw5HyggPz/uGnO6','ACTIVO',NULL,'2026-01-15 03:06:18','2026-01-15 23:32:34'),(3,'Alejandro Escobedo','alejandro@pihcsa.com','INVITADO','ALMACEN','$2y$12$dk.P1xfW1dYHETcVRzo/MuliB6OSffeDqaZevruhQ4ZKUG2XXI68m','ACTIVO',NULL,'2026-01-15 21:15:22','2026-01-15 23:38:57'),(4,'Alfonso Dominguez Pantoja','alfonso@pihcsa.com','INVITADO','AUXILIAR_LOGISTICA','$2y$12$3niN5Fsf2ih1yBOldIi6JO.foCc0jp6tjZp3IjyacciC/Qk7gVTmW','ACTIVO',NULL,'2026-01-15 21:20:33','2026-01-16 01:17:36'),(5,'Ángeles González','angeles@pihcsa.com','INVITADO','ALMACEN','$2y$12$Cxd59j0smuhzylYqAl5Wnel0BaM3Pa/FQd24WyJQd3kQsLxbwALIq','ACTIVO',NULL,'2026-01-15 21:21:12','2026-01-15 23:38:17'),(6,'Aracely Pérez','araceli@pihcsa.com','INVITADO','CONTABILIDAD','$2y$12$XQsm5IDclnLP6lWl4rARl.ggaiO7AdNBgX8yIOuUPyhw/v05NR5qG','ACTIVO',NULL,'2026-01-15 21:21:52','2026-01-16 01:18:05'),(7,'Benjamin Infante','benjamin@pihcsa.com','INVITADO','ALMACEN','$2y$12$0wo.TDXl2a/UQG3ZAzFpPOSXTbNmmyAFK2FEYB9WOXM0WlQ/AApK.','ACTIVO',NULL,'2026-01-15 21:22:31','2026-01-15 23:40:23'),(8,'Berenice Martínez Ceja','berenice@pihcsa.com','INVITADO','SISTEMAS','$2y$12$IAN8fwda47QaHafEPFlXCu1ioX6v4gTURC7NAYauLfW5Xr94D8w.S','ACTIVO',NULL,'2026-01-15 21:23:05','2026-01-15 23:41:14'),(9,'Carlos Colin','carlos@pihcsa.com','INVITADO','ALMACEN','$2y$12$rgVuCoAefDhAVlpuZ/uGxu4fKB0C2fpDO.Iqam19LOALNWbG3yT2e','ACTIVO',NULL,'2026-01-15 21:23:43','2026-01-15 23:41:32'),(10,'Christian Vargas','chrstian@pihcsa.com','INVITADO','ALMACEN','$2y$12$pc0ywIGDtqDNMkyNRlbyNuq2UQ5Fo2N9T.vJkCR09LsMsTBXuVqNO','ACTIVO',NULL,'2026-01-15 21:24:34','2026-01-15 23:41:51'),(11,'Christian Arellano','christianarellano@pihsa.com','INVITADO','RESPONSABLE_SANITARIO','$2y$12$i7XBAkaUYzEjYNiHXVg.FOPY7mKaXvXM.1D06XcZQMTiSizWwjQqy','ACTIVO',NULL,'2026-01-15 21:25:29','2026-01-16 01:19:11'),(12,'Christian Julio Pioquinto','christianjulio@pihcsa.com','INVITADO','EMBARQUES','$2y$12$AvEJQw7/8QtA6UpOcPo27uNpMhhTiTiwVJey7ManMWKfU4Ze5yad6','ACTIVO',NULL,'2026-01-15 21:26:03','2026-01-16 01:19:25'),(13,'Citlali Ramos','citlatiramos@pihcsa.com','INVITADO','RECEPCION_COMPRAS','$2y$12$rQaBFch1dgwRXzQlYOKHU.XAykmtC.WuslLRSC3ueYxVh0S42j4mm','ACTIVO',NULL,'2026-01-15 21:26:51','2026-01-16 01:19:43'),(14,'Claudia Karina Sierra','claudia@pihcsa.com','INVITADO','SISTEMAS','$2y$12$0RYT0kz7k8aGE/gVuc1s3.78byvWH.uYBnrziFAFMhW6iTcXNVziO','ACTIVO',NULL,'2026-01-15 21:27:28','2026-01-15 23:43:32'),(15,'Claudia Barrueta','claudiabarreta@pihcsa.com','INVITADO','RECEPCION','$2y$12$JIxyEOk1igov4UJduxmwjOdNA.tMZtkhcA3UF0Wh0mOWYKx.Dxp42','ACTIVO',NULL,'2026-01-15 21:28:05','2026-01-16 01:20:13'),(16,'Claudia Suárez','claudiasuarez@pihcsa.com','INVITADO','SISTEMAS','$2y$12$GpctxJF0Cjy5VUfWa/L8LujOlYXoDT7c.PQaBHMh7OhYF9NfCo3Ne','ACTIVO',NULL,'2026-01-15 21:28:44','2026-01-15 23:44:26'),(17,'COPIADORA','copiadora@pihcsa.com','INVITADO','COPIADORA','$2y$12$iFkIkt0bXZ2/V9yNWLh9ielkFj.W/DR3rnZwAxWHzdivOc0udMv/i','ACTIVO',NULL,'2026-01-15 21:29:23','2026-01-15 21:29:23'),(18,'Cristina Pereznegron','cristina@pihcsa.com','INVITADO','SISTEMAS','$2y$12$xnKIixZy2lPxi3OQo21GPe.1hOtOOdRUK7iFipCMq6t7vcknBwJ56','ACTIVO',NULL,'2026-01-15 21:29:56','2026-01-15 23:44:55'),(19,'Dilan Ocampo','dilan@pihcsa.com','INVITADO','ALMACEN','$2y$12$PQYjTBztuMEsdV0URB9eqONg/s1wykpPSao94MWEhn/JmkL8xEETe','ACTIVO',NULL,'2026-01-15 21:30:30','2026-01-15 23:46:16'),(20,'Eder Alejandro Vázquez','edervazquez@pihcsa.com','INVITADO','SISTEMAS','$2y$12$.FeeZG3261pNR1AosdkffuBctG8FrUV1dm2gAi0ml.6x/wkAubx9q','ACTIVO',NULL,'2026-01-15 21:31:12','2026-01-15 23:46:59'),(21,'Efigenia Suárez','efigenia@pihcsa.com','INVITADO','SISTEMAS','$2y$12$.qMbhcB0SxnvCr/.oyqkBehVNgC/m3LPMFaDMMunC.iWV4VXiC/zu','ACTIVO',NULL,'2026-01-15 21:31:43','2026-01-15 23:47:20'),(22,'Emma Hernández','emma@pihcsa.com','INVITADO','SISTEMAS','$2y$12$yG3R7MLgPFh9SxahtE7/gO4cNHnQHvWoGi9.8FrTrWCfY7Kx1m2wW','ACTIVO',NULL,'2026-01-15 21:32:14','2026-01-15 23:49:05'),(23,'Erika Valencia Salas','erika@pihcsa.com','INVITADO','ALMACEN','$2y$12$6vD2MnNMZbhRLFl3/fcaRuggL8fkWIz3i42FZXJGScigICiXpoUKC','ACTIVO',NULL,'2026-01-15 21:33:03','2026-01-15 23:52:15'),(24,'Esthefanya Ayala','esthefanya@pihcsa.com','INVITADO','SISTEMAS','$2y$12$92LdOpb6TvlA71vr7InumOOK6riP2Prq622lIU6rKXpE7T6NfDBZy','ACTIVO',NULL,'2026-01-15 21:34:17','2026-01-15 23:52:54'),(25,'ETIQUETAS','etiquetas@pihcsa.com','INVITADO','ETIQUETAS','$2y$12$Anx6n.1j3Hx67spDgbpsjOrAnNVeOFUJwVzfMA7Ax4i1mgTxScMxq','ACTIVO',NULL,'2026-01-15 21:34:43','2026-01-15 21:34:43'),(26,'Eva Nuño','eva@pihcsa.com','INVITADO','ALMACEN','$2y$12$Aebijy/Le0A65W1hVZmzUeOWkVEdJ3rmoBFSALWaSVIfNyTkF0C3G','ACTIVO',NULL,'2026-01-15 21:35:13','2026-01-15 23:53:07'),(27,'Fabian Nava','fabian@pihcsa.com','INVITADO','ALMACEN','$2y$12$WZ1eBIAE.oquof2xAXWnruZWEoOMo48SZnbFj4xciHTcU50s5cRG.','ACTIVO',NULL,'2026-01-15 21:35:41','2026-01-15 23:53:29'),(28,'Luis Fernando González','fernando@pihcsa.com','INVITADO','ALMACEN','$2y$12$mMZASFfS0QCBEHKyae5Xw.8WQC7CHkVEurY1nFS08LVMmUT.CqfVe','ACTIVO',NULL,'2026-01-15 21:36:09','2026-01-15 23:54:24'),(29,'Francisco','francisco@pihcsa.com','INVITADO','ALMACEN','$2y$12$49x2H9uPf3/bRDb7oD.SDehqXycC7H4eiEOulyIKzon6M/.38.xBK','ACTIVO',NULL,'2026-01-15 21:36:48','2026-01-15 23:54:56'),(30,'Gabriel Puertos Castañeda','gabriel@pihcsa.com','INVITADO','SISTEMAS','$2y$12$aGgKyE1kuNqp94Zn8q0INOshTt5Q/XULlRq5.D6UC7FCqz6GwtxLO','ACTIVO',NULL,'2026-01-15 21:37:13','2026-01-15 23:55:44'),(31,'Gabriela Alipio Cahue','gabriela@pihcsa.com','INVITADO','SISTEMAS','$2y$12$WxljpFqGTp7q2Gq6ZKA/3uock6s0/JThVMV69E9oHLMAVmcWLZc4G','ACTIVO',NULL,'2026-01-15 21:37:58','2026-01-15 23:56:09'),(32,'Gerardo Hiram Hernández','gerardo@pihcsa.com','INVITADO','SISTEMAS','$2y$12$vrm5HofPsYruhLipPDVVGeQCk4myqU0JUtxk2nUUeIupJBVyT0VWC','ACTIVO',NULL,'2026-01-15 21:38:44','2026-01-15 23:56:30'),(33,'Guadalupe Martínez','guadalupemartinez@pihcsa.com','INVITADO','SISTEMAS','$2y$12$S3n.TUrjKApvX4NfyuROfeIC36ALZBNetZXAXjsqQE7B4zaKKN6N.','ACTIVO',NULL,'2026-01-15 21:39:21','2026-01-15 23:57:46'),(34,'Hernán Behar Gallegos','hernangallegos@pihcsa.com','INVITADO','ALMACEN','$2y$12$lGAleIX5DkjsuRrLRayk7OWVlzZu6mVamDQxWGZwpgmgEV7NFJJJe','ACTIVO',NULL,'2026-01-15 21:40:19','2026-01-15 23:58:34'),(35,'Irving Leal','irving@pihcsa.com','INVITADO','SISTEMAS','$2y$12$jChc8OhPGnFRBHe7ZTdjsuEETRp4tIenhGg4vTieAM2wTSFJrbpli','ACTIVO',NULL,'2026-01-15 21:40:55','2026-01-15 23:58:46'),(36,'Isauro Martínez','isauro@pihcsa.com','INVITADO','SISTEMAS','$2y$12$vsqrOus3fWILYse.UkFcTu5H1ewb3t4Q48wRF4IKcZCgMs513aEAO','ACTIVO',NULL,'2026-01-15 21:41:50','2026-01-15 23:59:20'),(37,'Ivan Jahyr Nava','ivan@pihcsa.com','INVITADO','SISTEMAS','$2y$12$cvm3aA5TEzlEL5pe.p3axuqJwiDg5LsL5uI3p2eHEd/WUW5Hy4CUq','ACTIVO',NULL,'2026-01-15 21:42:40','2026-01-15 23:59:40'),(38,'Jese Andy Soto','jese@pihcsa.com','INVITADO','OPERACIONES','$2y$12$cY5.Iu3vlgvBn/yahNULDO/u.g44ddTSa8fVTBCfyarruTJ5U4uS6','ACTIVO',NULL,'2026-01-15 21:43:07','2026-01-16 00:00:10'),(39,'José Esteban Torres','josetorres@pihcsa.com','INVITADO','SISTEMAS','$2y$12$p2k1kuC3VXa9OEt5EOmBGOmsF069n7e1xfnJOa5rJxn8LBiZIHdLi','ACTIVO',NULL,'2026-01-15 21:43:46','2026-01-16 00:00:29'),(40,'Lleymi Chávez','lleimi@pihcsa.com','INVITADO','SISTEMAS','$2y$12$8bEUeBxNYV7H0eVHxnWiMeo9Ir2fLexhfyjVFKig274RzBPRysPym','ACTIVO',NULL,'2026-01-15 21:44:10','2026-01-16 00:00:56'),(41,'Lorena Posadas','lorena@pihcsa.com','INVITADO','SISTEMAS','$2y$12$x0IMA8TveKSM.xYX9zY5N.lSZ86oym4Q7OjJhIDOw3AFwxue5ARZS','ACTIVO',NULL,'2026-01-15 21:44:43','2026-01-16 00:01:16'),(42,'Mauricio Ruíz','mauricio@pihcsa.com','INVITADO','SISTEMAS','$2y$12$b1n7aeSaBTaeCY9pR8qdZOLxdnJg3i7YrdK6c0UXWLCZkiaxXr8du','ACTIVO',NULL,'2026-01-15 21:46:00','2026-01-16 00:01:50'),(43,'Viviana Montserrat Hernández','monse@pihcsa.com','INVITADO','VENTAS','$2y$12$fBiUL9Kc9k7nLsMkq25nuuaX/E74FAJV69Nm4jAE.W1S3CkXA/UFe','ACTIVO',NULL,'2026-01-15 21:46:24','2026-01-16 00:02:43'),(44,'Nataly Romero','nataly@pihcsa.com','INVITADO','VENTAS','$2y$12$Hp9aBYBQrfC6GwjjyFHjAek1f1BQjU8GN4ojO403Tz.71bonDC6iO','ACTIVO',NULL,'2026-01-15 21:53:49','2026-01-16 00:03:17'),(45,'Oscar Serrano','oscar@pihcsa.com','INVITADO','SISTEMAS','$2y$12$b/OxYQmWDXin.3F0dhNxueiAnmYyDIQa5nHgko6AA1erP/31fg6Ry','ACTIVO',NULL,'2026-01-15 21:54:18','2026-01-16 00:03:49'),(46,'Paulina Aguirre Macías','paulina@pihcsa.com','INVITADO','SISTEMAS','$2y$12$62L1CI8EWchXqs46atDQTuQWDzEnz.VV4QAEdz96p9BOUJeTT5.uS','ACTIVO',NULL,'2026-01-15 21:55:40','2026-01-16 00:04:18'),(47,'Roberto Estrada','roberto@pihcsa.com','INVITADO','ALMACEN','$2y$12$7rplNKLWRw.AcIzsxaoU9uvsosHNKqlGE5jQDoJw.6KNpWniR/CYG','ACTIVO',NULL,'2026-01-15 21:56:05','2026-01-16 00:05:11'),(48,'Ruth Cervantes','ruth@pihcsa.com','INVITADO','ALMACEN','$2y$12$2SrMlMBhabrM6haMMaKSguM2SSgnspV9/MyUKC3Ep1D.o0iBkwSyC','ACTIVO',NULL,'2026-01-15 21:56:42','2026-01-16 00:05:42'),(49,'Sara Renteria Alcauter','sara@pihcsa.com','INVITADO','SISTEMAS','$2y$12$H0.W5uAZ9KyDRrQnm/P4DuIvkZPzf3VO1zROvVzTanHWSBPCkVnSK','ACTIVO',NULL,'2026-01-15 21:57:10','2026-01-16 00:06:08'),(50,'Saúl Cruz','saul@pihcsa.com','INVITADO','SISTEMAS','$2y$12$CfLIDm9grtvi01x3dLgbDufrwlBqpg6tK3Fft6/kssWaKPA2GNkCa','ACTIVO',NULL,'2026-01-15 21:57:48','2026-01-16 00:06:38'),(51,'Sergio Durán','sergio@pihcsa.com','INVITADO','SISTEMAS','$2y$12$URKmbX2FXhEJSCWTbjcf6OfY0NIEezrKLsRx5Rl23TGGT.XB4atQm','ACTIVO',NULL,'2026-01-15 21:58:24','2026-01-16 00:07:13'),(52,'SITE','site@pihcsa.com','INVITADO','SITE','$2y$12$DkIcCStbsmBIjy.KSaiVge/2dwhQECkrTU8.6ODwr6mMlKwEXuYgO','ACTIVO',NULL,'2026-01-15 21:59:09','2026-01-15 21:59:09'),(53,'Valentina Valdovinos','valentina@pihcsa.com','INVITADO','SISTEMAS','$2y$12$AT9mU3XX/PXK7u0ugtnYmOHofY7Jgar06j/g2NVz7r9KLJtBxG4pq','ACTIVO',NULL,'2026-01-15 21:59:37','2026-01-16 00:07:34'),(54,'Vigilancia','vigilancia@pihcsa.com','INVITADO','VIGILANCIA','$2y$12$caGQQnbTpTAJB3.3Qt4/SOVQHYAAE0m/sqzZnFGNhdh16hBpgcFaG','ACTIVO',NULL,'2026-01-15 22:00:16','2026-01-15 22:00:16'),(55,'Yolanda Janette Zapien','yolanda@pihcsa.com','INVITADO','SISTEMAS','$2y$12$ozeX0QixFYtMtu4Pnff5ReqtkceY0FXhvl9pXgiaCn9hy/WJw0jwC','ACTIVO',NULL,'2026-01-15 22:00:43','2026-01-16 00:07:59'),(56,'Yesenia Castro','yesenia@pihcsa.com','INVITADO','SISTEMAS','$2y$12$LewUnaK6Z/Z85YOK8XXjXeKXj.vVQG.YOtygdaFY0Uv1vCIBhWpDa','ACTIVO',NULL,'2026-01-15 22:01:13','2026-01-16 00:08:15'),(57,'Zaira Hernández','zaira@pihcsa.com','INVITADO','ALMACEN','$2y$12$Xm4hjBTuLL1KzkTV5Ootae5n2/iFpDpMDlSDXEMULyt5Os6EuIzKS','ACTIVO',NULL,'2026-01-15 22:01:48','2026-01-16 00:23:00'),(58,'Fiorella Figueroa','responsablesanitario@pihcsa.com.mx','INVITADO','CALIDAD','$2y$12$G1d6ZSnFSbDp8yG/eWyzQuOx.Bu5YuZMp.TgXcjq0Jercp2/rlyY6','ACTIVO',NULL,'2026-01-16 00:13:07','2026-01-16 00:13:07'),(59,'Ana Quiroz','ventasgobierno03@pihcsa.com.mx','INVITADO','VENTAS_GOB','$2y$12$wW1UJur0yh3cWS.sdtFFJeMIXRMErX1VeED7K.hQi1FwvKKm31ZfK','ACTIVO',NULL,'2026-01-16 00:14:27','2026-01-16 00:14:27'),(60,'José Felipe Gutiérrez Solano','supervisortoluca@pihcsa.com.mx','INVITADO','VENTAS_PRIV','$2y$12$REnPQoV2/N3T0Y5S1AHy9eRaX49LtWv2eEfifMQZcqDYAAtYMzp0W','ACTIVO',NULL,'2026-01-16 00:54:57','2026-01-16 00:54:57'),(61,'Guadalupe Gómez Gallardo','asistcredito@pihcsa.com.mx','INVITADO','CREDITO','$2y$12$Om0.fCKn6QN9uHqLkbzBy.hi2JfXDV1DSAdFycgeQIRAGGvNavVJK','ACTIVO',NULL,'2026-01-16 00:56:25','2026-01-16 00:56:25'),(62,'Manuel Hernández','gteabastoyd@gmmed.mx','INVITADO','COMPRAS','$2y$12$cwwNk1aUG84dNX7Sf4RL1.sYv15710JSOxRqGJXdQIabhmzjoE1Ri','ACTIVO',NULL,'2026-01-16 00:58:42','2026-01-16 00:58:42'),(63,'Luis Alberto Garcia Tinoco','lgarcia@gmmed.mx','INVITADO','ALMACEN','$2y$12$ouuMXWHRbeOEcSB/8fCBw.LkBc5ViPNgBf431iVzyedR3eqrkMv.y','ACTIVO',NULL,'2026-01-16 01:00:09','2026-01-16 01:00:09'),(64,'Andrea Magaña','anmagana@gmmed.mx','INVITADO','COBRANZA','$2y$12$zWTpayVmsoj3WjmuWzeSb.O1xkZA0TZSwe1dLF2WRHK1XRhXvl3vG','ACTIVO',NULL,'2026-01-16 01:01:50','2026-01-16 01:01:50'),(65,'Gabriela González','jefecompras@gmmed.mx','INVITADO','COMPRAS','$2y$12$EqiG9ysZ8WqeZyqICvC4Ve1G2JK8Q7kgvhXGABZPP.OFG7/y5seGu','ACTIVO',NULL,'2026-01-16 01:02:37','2026-01-16 01:02:37'),(66,'Carla Cecilia León','colvera@pihcsa.com.mx','INVITADO','JURIDICO','$2y$12$3mHgwNdMjlfjsSnEOJM.BuNhO2dFWOx0RVGbWU7gdM/XO1AmdYiIC','ACTIVO',NULL,'2026-01-16 01:03:44','2026-01-16 01:03:44'),(67,'Alejandro Hernández','alejandrohernandez@pihcsa.com.mx','INVITADO','VENTAS_PRIV','$2y$12$gxz0tWAu/nb.txx.ZyVIeOgNMjvHuKb.8zDzgyV8g1ifThOwLKSrO','ACTIVO',NULL,'2026-01-16 01:10:14','2026-01-16 01:10:14'),(68,'Carlos Sarmiento','csarmiento@gmmed.mx','INVITADO','VENTAS_PRIV','$2y$12$XI4I06PcxNwRSr1xSKV.Z.7HM80RXleUZyBV0o9pJFtFOwWi3AwYG','ACTIVO',NULL,'2026-01-16 01:11:02','2026-01-16 01:11:02'),(69,'Arturo Magaña','amagana@gmmed.mx','INVITADO','VENTAS_PRIV','$2y$12$ZmXol/6gWWccffyuI9KOSuL2TQndG5HUCuSwbDu7xho/XYl6reUeG','ACTIVO',NULL,'2026-01-16 01:13:34','2026-01-16 01:13:34'),(70,'Luis Magaña','lmagana@gmmed.mx','INVITADO','VENTAS_PRIV','$2y$12$cDNNr5O0oTlaxJ08Ux5LSeSKBty0vskS.yEdVF7aHnoBpZIvuv1cC','ACTIVO',NULL,'2026-01-16 01:15:20','2026-01-16 01:32:06'),(71,'José Arturo Díaz Magaña','jmagana@gmmed.mx','INVITADO','SISTEMAS','$2y$12$aJTpmDCkGWXvCS599uY.i.XQTQGrj7YPP8sin5hB7o8Qj7Oi.O8ny','ACTIVO',NULL,'2026-01-16 01:16:58','2026-01-16 01:16:58'),(72,'Lucia Chávez Oropeza','lchavez@gmmed.mx','INVITADO','COBRANZA','$2y$12$yawz9Sg6u5dMx/iMsrlQxOLhr8jRyrwElMWSd355snFYtEIghROGm','ACTIVO',NULL,'2026-01-16 01:18:08','2026-01-16 01:18:08'),(73,'Pascual Chávez','pascual@lvc.com','INVITADO','ALMACEN','$2y$12$b0vcvLDUxc2zdAvnh/Fj0uFVXs/RQYt6oz8FFI5/PSWn7xnwoTi8S','ACTIVO',NULL,'2026-01-16 01:19:25','2026-01-16 01:29:57'),(74,'johan jael','johan@pihcsa.com','INVITADO','SISTEMAS','$2y$12$Zph6CXdtVaLWRrJB3jMP4ezUm8vQzcyfmO8VBnUkfaGIuugLycz.a','ACTIVO',NULL,'2026-01-16 01:37:47','2026-01-16 22:25:48'),(75,'ESVEIDI ZAVALA','nzavala@gmmed.mx','INVITADO','VENTAS_PRIV','$2y$12$mbR5KTp/bzOl5R.1IEiPQ.uXL7ppXpyp6LvMcPJn8A6X6cUEzNQli','ACTIVO',NULL,'2026-01-21 01:20:07','2026-01-21 01:20:07'),(76,'Rocío García','rgarcia@gmmed.mx','INVITADO','VENTAS_PRIV','$2y$12$nA4soO8RO4cHomugfpp78eTt9zltTcjdsuR.vCAjSBAOVe0N/GIJy','ACTIVO',NULL,'2026-01-21 01:42:54','2026-01-21 01:42:54'),(77,'Yuliana Villa Mejía','ventasdistribuidor@pihcsa.com.mx','INVITADO','VENTAS_PRIV','$2y$12$Zptpv9NJiYhARiL.WDDWBuiMD.d/sxq2UDziwpHdGb3OkTxEqLqyO','ACTIVO',NULL,'2026-01-21 01:59:14','2026-01-21 01:59:14'),(78,'Omar Mercado','omercado@pihcsa.com.mx','INVITADO','VENTAS_PRIV','$2y$12$eiVSTgSZJ4eXyKX7KDSMmO8j3KThWBgyilWHwPAlp5rGROo4OBrOK','ACTIVO',NULL,'2026-01-21 04:24:34','2026-01-21 04:24:34'),(79,'DISPONIBLE','disponible@pihcsa.com','INVITADO','SISTEMAS','$2y$12$v0NBj9uADJ589JCIqceb0.H1cgOyfR4UbFJpVXLNcgsYRgpanlqya','ACTIVO',NULL,'2026-01-21 04:28:22','2026-01-21 04:28:22'),(80,'HOME OFFICE','homeoffice@pihcsa.com','INVITADO','VENTAS_PRIV','$2y$12$1e7tu2P6QAack2HTbO/UG.4AJMYKOYB8x86dnZX142FqozU2L4O7W','ACTIVO',NULL,'2026-01-21 04:36:56','2026-01-21 04:36:56');
/*!40000 ALTER TABLE `users` ENABLE KEYS */;
UNLOCK TABLES;
/*!40103 SET TIME_ZONE=@OLD_TIME_ZONE */;

/*!40101 SET SQL_MODE=@OLD_SQL_MODE */;
/*!40014 SET FOREIGN_KEY_CHECKS=@OLD_FOREIGN_KEY_CHECKS */;
/*!40014 SET UNIQUE_CHECKS=@OLD_UNIQUE_CHECKS */;
/*!40101 SET CHARACTER_SET_CLIENT=@OLD_CHARACTER_SET_CLIENT */;
/*!40101 SET CHARACTER_SET_RESULTS=@OLD_CHARACTER_SET_RESULTS */;
/*!40101 SET COLLATION_CONNECTION=@OLD_COLLATION_CONNECTION */;
/*!40111 SET SQL_NOTES=@OLD_SQL_NOTES */;

-- Dump completed on 2026-01-21 13:35:49
