/*!999999\- enable the sandbox mode */ 
-- MariaDB dump 10.19  Distrib 10.6.18-MariaDB, for Linux (x86_64)
--
-- Host: localhost    Database: gestion_activos_pihcsa
-- ------------------------------------------------------
-- Server version	10.6.18-MariaDB

/*!40101 SET @OLD_CHARACTER_SET_CLIENT=@@CHARACTER_SET_CLIENT */;
/*!40101 SET @OLD_CHARACTER_SET_RESULTS=@@CHARACTER_SET_RESULTS */;
/*!40101 SET @OLD_COLLATION_CONNECTION=@@COLLATION_CONNECTION */;
/*!40101 SET NAMES utf8mb4 */;
/*!40103 SET @OLD_TIME_ZONE=@@TIME_ZONE */;
/*!40103 SET TIME_ZONE='+00:00' */;
/*!40014 SET @OLD_UNIQUE_CHECKS=@@UNIQUE_CHECKS, UNIQUE_CHECKS=0 */;
/*!40014 SET @OLD_FOREIGN_KEY_CHECKS=@@FOREIGN_KEY_CHECKS, FOREIGN_KEY_CHECKS=0 */;
/*!40101 SET @OLD_SQL_MODE=@@SQL_MODE, SQL_MODE='NO_AUTO_VALUE_ON_ZERO' */;
/*!40111 SET @OLD_SQL_NOTES=@@SQL_NOTES, SQL_NOTES=0 */;

--
-- Table structure for table `discos_duros`
--

DROP TABLE IF EXISTS `discos_duros`;
/*!40101 SET @saved_cs_client     = @@character_set_client */;
/*!40101 SET character_set_client = utf8 */;
CREATE TABLE `discos_duros` (
  `id` bigint(20) unsigned NOT NULL AUTO_INCREMENT,
  `equipo_id` bigint(20) unsigned NOT NULL,
  `capacidad` varchar(255) DEFAULT NULL,
  `tipo_hdd_ssd` varchar(255) DEFAULT NULL,
  `interface` varchar(255) DEFAULT NULL,
  `created_at` timestamp NULL DEFAULT NULL,
  `updated_at` timestamp NULL DEFAULT NULL,
  `is_active` tinyint(1) NOT NULL DEFAULT 1,
  `motivo_inactivo` text DEFAULT NULL,
  PRIMARY KEY (`id`),
  KEY `discos_duros_equipo_id_foreign` (`equipo_id`),
  CONSTRAINT `discos_duros_equipo_id_foreign` FOREIGN KEY (`equipo_id`) REFERENCES `equipos` (`id`) ON DELETE CASCADE ON UPDATE CASCADE
) ENGINE=InnoDB AUTO_INCREMENT=127 DEFAULT CHARSET=utf8mb4 COLLATE=utf8mb4_unicode_ci;
/*!40101 SET character_set_client = @saved_cs_client */;

--
-- Dumping data for table `discos_duros`
--

LOCK TABLES `discos_duros` WRITE;
/*!40000 ALTER TABLE `discos_duros` DISABLE KEYS */;
INSERT INTO `discos_duros` VALUES (8,5,'240GB','SSD','SATA III','2026-01-20 01:19:41','2026-01-20 01:19:41',1,NULL),(12,9,'240GB','SSD','SATA III','2026-01-20 02:05:32','2026-01-20 02:05:32',1,NULL),(13,10,'120GB','SSD','SATA III','2026-01-20 23:25:56','2026-01-20 23:25:56',1,NULL),(14,11,'120GB','SSD','SATA III','2026-01-20 23:48:56','2026-01-20 23:48:56',1,NULL),(15,12,'1TB','HDD','SATA III','2026-01-20 23:57:44','2026-01-20 23:57:44',1,NULL),(16,13,'240GB','SSD','SATA III','2026-01-21 00:05:31','2026-01-21 00:05:31',1,NULL),(17,14,'500GB','SSD','SATA III','2026-01-21 00:10:43','2026-01-21 00:10:43',1,NULL),(18,15,'240GB','SSD','SATA III','2026-01-21 00:29:48','2026-01-21 00:29:48',1,NULL),(19,16,'240GB','SSD','SATA III','2026-01-21 00:33:12','2026-01-21 00:33:12',1,NULL),(20,17,'500GB','SSD','SATA III','2026-01-21 00:38:51','2026-01-21 00:38:51',1,NULL),(21,18,'240GB','SSD','SATA III','2026-01-21 00:47:03','2026-01-21 00:47:03',1,NULL),(22,19,'1TB','HDD','SATA III','2026-01-21 01:03:41','2026-01-21 01:03:41',1,NULL),(23,20,'1TB','HDD','SATA III','2026-01-21 01:06:48','2026-01-21 01:06:48',1,NULL),(24,21,'240GB','SSD','SATA III','2026-01-21 01:16:46','2026-01-21 01:16:46',1,NULL),(25,22,'512GB','SSD','SATA III','2026-01-21 01:40:29','2026-01-21 01:40:29',1,NULL),(26,23,'120GB','SSD','SATA III','2026-01-21 01:52:55','2026-01-21 01:52:55',1,NULL),(27,24,'1TB','HDD','SATA III','2026-01-21 01:56:12','2026-01-21 01:56:12',1,NULL),(28,25,'500GB','SSD','SATA III','2026-01-21 02:03:24','2026-01-21 02:03:24',1,NULL),(29,26,'120GB','SSD','SATA III','2026-01-21 04:13:57','2026-01-21 04:13:57',1,NULL),(30,27,'240GB','SSD','SATA III','2026-01-21 04:20:29','2026-01-21 04:20:29',1,NULL),(31,28,'240GB','SSD','SATA III','2026-01-21 04:26:38','2026-01-21 04:26:38',1,NULL),(32,29,'512GB','SSD','SATA III','2026-01-21 04:30:18','2026-01-21 04:30:18',1,NULL),(33,30,'1TB','SSD','SATA III','2026-01-21 04:39:17','2026-01-21 04:39:17',1,NULL),(34,31,'1TB','HDD','SATA III','2026-01-21 05:41:45','2026-01-21 05:41:45',1,NULL),(35,32,'240GB','SSD','SATA III','2026-01-21 05:54:31','2026-01-21 05:54:31',1,NULL),(36,33,'500GB','SSD','SATA III','2026-01-21 05:59:50','2026-01-21 05:59:50',1,NULL),(37,34,'1TB','HDD','SATA III','2026-01-22 01:51:38','2026-01-22 01:51:38',1,NULL),(38,35,'512GB','SSD','SATA III','2026-01-22 01:57:51','2026-01-22 01:57:51',1,NULL),(39,36,'240GB','SSD','SATA III','2026-01-22 02:03:46','2026-01-22 02:03:46',1,NULL),(40,37,'1TB','HDD','SATA III','2026-01-22 02:07:51','2026-01-22 02:07:51',1,NULL),(41,38,'240GB','SSD','SATA III','2026-01-22 03:52:10','2026-01-22 03:52:10',1,NULL),(42,39,'240GB','SSD','SATA III','2026-01-22 03:53:12','2026-01-22 03:53:12',1,NULL),(43,40,'240GB','SSD','SATA III','2026-01-22 03:53:39','2026-01-22 03:53:39',1,NULL),(44,41,'1TB','HDD','SATA III','2026-01-22 04:14:29','2026-01-22 04:14:29',1,NULL),(45,42,'240GB','SSD','SATA III','2026-01-22 04:22:18','2026-01-22 04:22:18',1,NULL),(46,43,'512GB','SSD','SATA III','2026-01-22 04:30:03','2026-01-22 04:30:03',1,NULL),(47,44,'500GB','HDD','SATA III','2026-01-22 04:35:45','2026-01-22 04:35:45',1,NULL),(48,45,'500GB','HDD','SATA III','2026-01-22 04:40:29','2026-01-22 04:40:29',1,NULL),(49,46,'500GB','HDD','SATA III','2026-01-22 04:58:46','2026-01-22 04:58:46',1,NULL),(50,47,'1TB','HDD','SATA III','2026-01-22 05:40:01','2026-01-22 05:40:01',1,NULL),(51,48,'1TB','HDD','SATA III','2026-01-22 05:47:32','2026-01-22 05:47:32',1,NULL),(52,49,'240GB','SSD','SATA III','2026-01-22 05:51:00','2026-01-22 05:51:00',1,NULL),(53,50,'240GB','SSD','SATA III','2026-01-22 05:52:59','2026-01-22 05:52:59',1,NULL),(54,51,'480GB','SSD','SATA III','2026-01-22 05:59:02','2026-01-22 05:59:02',1,NULL),(55,52,'1TB','HDD','SATA III','2026-01-22 06:48:58','2026-01-22 06:48:58',1,NULL),(57,54,'1TB','HDD','SATA III','2026-01-22 22:57:48','2026-01-22 22:57:48',1,NULL),(58,55,'240GB','SSD','SATA III','2026-01-22 23:03:30','2026-01-22 23:03:30',1,NULL),(59,56,'120GB','SSD','SATA III','2026-01-22 23:12:09','2026-01-22 23:12:09',1,NULL),(60,57,'1TB','HDD','SATA III','2026-01-22 23:14:23','2026-01-22 23:14:23',1,NULL),(61,58,'256GB','SSD','SATA III','2026-01-22 23:21:27','2026-01-22 23:21:27',1,NULL),(62,59,'500GB','HDD','SATA III','2026-01-22 23:36:06','2026-01-22 23:36:06',1,NULL),(63,60,'1TB','SSD','SATA III','2026-01-22 23:40:10','2026-01-22 23:40:10',1,NULL),(64,64,'500GB','SSD','SATA III','2026-01-23 01:20:43','2026-01-23 01:20:43',1,NULL),(65,65,'1TB','HDD','SATA III','2026-01-23 03:59:03','2026-01-23 03:59:03',1,NULL),(66,66,'512GB','SSD','SATA III','2026-01-23 04:03:54','2026-01-23 04:03:54',1,NULL),(67,67,'1TB','HDD','SATA III','2026-01-23 04:12:59','2026-01-23 04:12:59',1,NULL),(68,68,'1TB','HDD','SATA III','2026-01-23 04:38:18','2026-01-23 04:38:18',1,NULL),(69,69,'1TB','HDD','SATA III','2026-01-23 04:50:39','2026-01-23 04:50:39',1,NULL),(70,70,'500GB','HDD','SATA III','2026-01-23 05:02:20','2026-01-23 05:02:20',1,NULL),(71,71,'1TB','HDD','SATA III','2026-01-23 05:06:41','2026-01-23 05:06:41',1,NULL),(72,72,'240GB','SSD','SATA III','2026-01-23 05:32:08','2026-01-23 05:32:08',1,NULL),(73,73,'500GB','SSD','SATA III','2026-01-23 05:49:58','2026-01-23 05:49:58',1,NULL),(74,74,'1TB','HDD','SATA III','2026-01-23 05:56:18','2026-01-23 05:56:18',1,NULL),(75,75,'240GB','SSD','SATA III','2026-01-23 06:01:32','2026-01-23 06:01:32',1,NULL),(76,76,'1TB','HDD','SATA III','2026-01-23 06:03:46','2026-01-23 06:03:46',1,NULL),(77,77,'512GB','SSD','SATA III','2026-01-23 06:36:01','2026-01-23 06:36:01',1,NULL),(78,78,'120GB','SSD','SATA III','2026-01-23 06:38:47','2026-01-23 06:38:47',1,NULL),(79,79,'1TB','HDD','SATA III','2026-01-23 07:00:16','2026-01-23 07:00:16',1,NULL),(80,80,'1TB','HDD','SATA III','2026-01-23 07:03:30','2026-01-23 07:03:30',1,NULL),(81,81,'240GB','SSD','SATA III','2026-01-23 07:06:26','2026-01-23 07:06:26',1,NULL),(82,82,'1TB','HDD','SATA III','2026-01-23 22:49:28','2026-01-23 22:49:28',1,NULL),(83,83,'120GB','SSD','SATA III','2026-01-23 22:53:06','2026-01-23 22:53:06',1,NULL),(84,84,'256GB','SSD','SATA III','2026-01-23 22:57:11','2026-01-23 22:57:11',1,NULL),(85,85,'1TB','HDD','SATA III','2026-01-23 23:00:57','2026-01-23 23:00:57',1,NULL),(86,86,'1TB','HDD','SATA III','2026-01-23 23:04:14','2026-01-23 23:04:14',1,NULL),(87,87,'500GB','HDD','SATA III','2026-01-23 23:10:25','2026-01-23 23:10:25',1,NULL),(88,88,'120GB','SSD','SATA III','2026-01-23 23:12:57','2026-01-23 23:12:57',1,NULL),(89,89,'1TB','HDD','SATA III','2026-01-23 23:23:00','2026-01-23 23:23:00',1,NULL),(90,90,'120GB','SSD','SATA III','2026-01-23 23:29:42','2026-01-23 23:29:42',1,NULL),(91,91,'120GB','SSD','SATA III','2026-01-23 23:32:45','2026-01-23 23:32:45',1,NULL),(92,92,'240GB','SSD','SATA III','2026-01-23 23:36:12','2026-01-23 23:36:12',1,NULL),(93,93,'500GB','SSD','SATA III','2026-01-23 23:39:49','2026-01-23 23:39:49',1,NULL),(94,94,'120GB','SSD','SATA III','2026-01-23 23:44:55','2026-01-23 23:44:55',1,NULL),(95,95,'120GB','SSD','SATA III','2026-01-23 23:47:34','2026-01-23 23:47:34',1,NULL),(96,96,'240GB','SSD','SATA III','2026-01-23 23:51:21','2026-01-23 23:51:21',1,NULL),(97,97,'240GB','SSD','SATA III','2026-01-23 23:56:01','2026-01-23 23:56:01',1,NULL),(98,98,'512GB','SSD','SATA III','2026-01-23 23:58:24','2026-01-23 23:58:24',1,NULL),(99,99,'512GB','SSD','SATA III','2026-01-24 00:01:50','2026-01-24 00:01:50',1,NULL),(100,100,'1TB','HDD','SATA III','2026-01-24 00:08:06','2026-01-24 00:08:06',1,NULL),(101,101,'256GB','SSD','SATA III','2026-01-24 00:10:53','2026-01-24 00:10:53',1,NULL),(102,102,'1TB','HDD','SATA III','2026-01-24 00:13:31','2026-01-24 00:13:31',1,NULL),(103,103,'240GB','SSD','SATA III','2026-01-24 00:16:36','2026-01-24 00:16:36',1,NULL),(104,104,'120GB','SSD','SATA III','2026-01-24 00:29:34','2026-01-24 00:29:34',1,NULL),(105,105,'120GB','SSD','SATA III','2026-01-24 00:33:00','2026-01-24 00:33:00',1,NULL),(106,106,'120GB','SSD','SATA III','2026-01-24 00:35:50','2026-01-24 00:35:50',1,NULL),(107,107,'1TB','HDD','SATA III','2026-01-24 00:40:10','2026-01-24 00:40:10',1,NULL),(108,108,'1TB','SSD','SATA III','2026-01-24 00:50:50','2026-01-24 00:50:50',1,NULL),(113,125,'512GB','SSD','SATA III','2026-01-28 01:30:27','2026-01-28 01:30:27',1,NULL),(114,126,'512GB','SSD','SATA III','2026-01-28 01:33:31','2026-01-28 01:33:31',1,NULL),(115,127,'512GB','SSD','SATA III','2026-01-28 01:35:17','2026-01-28 01:35:17',1,NULL),(120,138,'480GB','HDD','Thunderbolt','2026-01-29 00:59:31','2026-01-31 01:10:37',0,'por cuestiones esteticas'),(126,138,'12TB','Otro','Otro','2026-01-31 01:10:37','2026-01-31 01:29:58',0,'nop');
/*!40000 ALTER TABLE `discos_duros` ENABLE KEYS */;
UNLOCK TABLES;

--
-- Table structure for table `equipos`
--

DROP TABLE IF EXISTS `equipos`;
/*!40101 SET @saved_cs_client     = @@character_set_client */;
/*!40101 SET character_set_client = utf8 */;
CREATE TABLE `equipos` (
  `id` bigint(20) unsigned NOT NULL AUTO_INCREMENT,
  `marca_equipo` varchar(255) DEFAULT NULL COMMENT 'Ej. Lenovo, Dell',
  `marca_id` bigint(20) unsigned DEFAULT NULL,
  `tipo_equipo` varchar(255) DEFAULT NULL,
  `tipo_activo_id` bigint(20) unsigned DEFAULT NULL,
  `serial` varchar(255) DEFAULT NULL,
  `sistema_operativo` varchar(255) DEFAULT NULL,
  `usuario_id` bigint(20) unsigned NOT NULL,
  `ubicacion_id` bigint(20) unsigned NOT NULL,
  `valor_inicial` varchar(255) DEFAULT NULL,
  `fecha_adquisicion` varchar(255) DEFAULT NULL,
  `vida_util_estimada` varchar(255) DEFAULT NULL,
  `created_at` timestamp NULL DEFAULT NULL,
  `updated_at` timestamp NULL DEFAULT NULL,
  PRIMARY KEY (`id`),
  KEY `equipos_ubicacion_id_foreign` (`ubicacion_id`),
  KEY `equipos_usuario_id_foreign` (`usuario_id`),
  KEY `equipos_marca_id_foreign` (`marca_id`),
  KEY `equipos_tipo_activo_id_foreign` (`tipo_activo_id`),
  CONSTRAINT `equipos_marca_id_foreign` FOREIGN KEY (`marca_id`) REFERENCES `marcas` (`id`),
  CONSTRAINT `equipos_tipo_activo_id_foreign` FOREIGN KEY (`tipo_activo_id`) REFERENCES `tipo_activos` (`id`),
  CONSTRAINT `equipos_ubicacion_id_foreign` FOREIGN KEY (`ubicacion_id`) REFERENCES `ubicaciones` (`id`) ON DELETE CASCADE,
  CONSTRAINT `equipos_usuario_id_foreign` FOREIGN KEY (`usuario_id`) REFERENCES `users` (`id`) ON DELETE CASCADE
) ENGINE=InnoDB AUTO_INCREMENT=141 DEFAULT CHARSET=utf8mb4 COLLATE=utf8mb4_unicode_ci;
/*!40101 SET character_set_client = @saved_cs_client */;

--
-- Dumping data for table `equipos`
--

LOCK TABLES `equipos` WRITE;
/*!40000 ALTER TABLE `equipos` DISABLE KEYS */;
INSERT INTO `equipos` VALUES (5,'2',2,'2',2,'NO','Windows 11',2,1,'1.00','2026-01-01','5','2026-01-20 01:19:41','2026-01-24 02:56:20'),(9,'3',3,'2',2,'B2K7Z6N1R9UC','Windows 11',34,1,'1.00','2026-01-01','5','2026-01-20 02:05:32','2026-01-24 02:56:20'),(10,'3',3,'2',2,'V6W2A9M1K7RT','Windows 10',18,1,'1.00','2026-01-01','5','2026-01-20 23:25:56','2026-01-24 02:56:20'),(11,'4',4,'2',2,'NO','Windows 10',58,1,'1.00','2026-01-01','5','2026-01-20 23:48:55','2026-01-24 02:56:20'),(12,'5',5,'2',2,'T1M5B9L4X7PE','Windows 10',41,1,'1.00','2026-01-01','5','2026-01-20 23:57:44','2026-01-24 02:56:20'),(13,'5',5,'2',2,'R3C8V2N5Q1ZH','Windows 11',22,1,'1.00','2026-01-01','5','2026-01-21 00:05:31','2026-01-24 02:56:20'),(14,'5',5,'2',2,'K9E4X3T7M6AB','Windows 10',21,1,'1.00','2026-01-01','5','2026-01-21 00:10:43','2026-01-24 02:56:20'),(15,'5',5,'3',3,'S7W1L2Z8N5PC','Windows 10',44,1,'1.00','2026-01-01','5','2026-01-21 00:29:48','2026-01-24 02:56:20'),(16,'5',5,'3',3,'J2B9K5Y3M1TX','Windows 10',43,1,'1.00','2026-01-01','5','2026-01-21 00:33:10','2026-01-24 02:56:20'),(17,'1',1,'3',3,'E6R3Q1Z9V7NB','Windows 10',40,1,'1.00','2026-01-01','5','2026-01-21 00:38:50','2026-01-24 02:56:20'),(18,'1',1,'3',3,'U8M4C7T2K9WL','Windows 10',37,1,'1.00','2026-01-01','5','2026-01-21 00:47:02','2026-01-24 02:56:20'),(19,'5',5,'3',3,'N1T7P3L6Z4WB','Windows 11',59,1,'0.00','2026-01-01','5','2026-01-21 01:03:41','2026-01-24 02:56:20'),(20,'5',5,'3',3,'C2V6M8Y1K9RT','Windows 10',30,1,'0.00','2026-01-01','5','2026-01-21 01:06:47','2026-01-24 02:56:20'),(21,'5',5,'2',2,'MXL8341XBM','Windows 10',30,1,'0.00','2026-01-01','5','2026-01-21 01:16:45','2026-01-24 02:56:20'),(22,'5',5,'1',1,'Y6Z2V3T9K1LP','Windows 10',75,1,'0.00','2026-01-01','5','2026-01-21 01:40:29','2026-01-24 02:56:20'),(23,'5',5,'1',1,'A4N7X1M5Q2BE','Windows 10',76,1,'0.00','2026-01-01','5','2026-01-21 01:52:54','2026-01-24 02:56:20'),(24,'1',1,'1',1,'P9L3T8K7V1WC','Windows 10',60,1,'0.00','2026-01-01','5','2026-01-21 01:56:12','2026-01-24 02:56:20'),(25,'1',1,'3',3,'K1P6T8W2L9MV','Windows 10',77,1,'0.00','2026-01-01','5','2026-01-21 02:03:23','2026-01-24 02:56:20'),(26,'1',1,'1',1,'MPNX85A1200Q','Windows 10',67,1,'0.00','2026-01-01','5','2026-01-21 04:13:57','2026-01-24 02:56:20'),(27,'6',6,'1',1,'BMGQ904','Windows 11',68,1,'0.00','2026-01-01','5','2026-01-21 04:20:29','2026-01-24 02:56:20'),(28,'6',6,'1',1,'75DQ904','Windows 11',78,1,'0.00','2026-01-01','5','2026-01-21 04:26:37','2026-01-24 02:56:20'),(29,'6',6,'1',1,'J3DR904','Windows 11',79,1,'0.00','2026-01-01','5','2026-01-21 04:30:18','2026-01-24 02:56:20'),(30,'5',5,'1',1,'Z9B1X5T6P3MW','Windows 10',80,1,'0.00','2026-01-01','5','2026-01-21 04:39:17','2026-01-24 02:56:20'),(31,'5',5,'1',1,'SN','Windows 10',37,1,'0.00','2026-01-01','5','2026-01-21 05:41:44','2026-01-24 02:56:20'),(32,'6',6,'1',1,'R1L3M7W8X9QC','Windows 11',62,1,'0.00','2026-01-01','5','2026-01-21 05:54:31','2026-01-24 02:56:20'),(33,'1',1,'2',2,'U7Z3P8K1N6LX','Windows 10',64,1,'0.00','2026-01-01','5','2026-01-21 05:59:50','2026-01-24 02:56:20'),(34,'5',5,'2',2,'MXL61922Y2','Windows 10',9,3,'0.00','2026-01-01','5','2026-01-22 01:51:36','2026-01-24 02:56:20'),(35,'6',6,'2',2,'53D6Z24','Windows 11',7,5,'0.00','2026-01-01','5','2026-01-22 01:57:50','2026-01-24 02:56:20'),(36,'5',5,'3',3,'5CM22702LQ','Windows 10',7,5,'0.00','2026-01-01','5','2026-01-22 02:03:45','2026-01-24 02:56:20'),(37,'3',3,'2',2,'DTSLRAL00831506BBD3000','Windows 10',73,5,'0.00','2026-01-01','5','2026-01-22 02:07:50','2026-01-24 02:56:20'),(38,'5',5,'2',2,'MXL8341XHJ','Windows 10',57,6,'0.00','2026-01-01','5','2026-01-22 03:52:09','2026-01-24 02:56:20'),(39,'5',5,'2',2,'MXL8341XHJ','Windows 10',57,6,'0.00','2026-01-01','5','2026-01-22 03:53:11','2026-01-24 02:56:20'),(40,'5',5,'2',2,'MXL8341XHJ','Windows 10',57,6,'0.00','2026-01-01','5','2026-01-22 03:53:39','2026-01-24 02:56:20'),(41,'2',2,'2',2,'ICES-3BNMB3B','Windows 10',5,6,'0.00','2026-01-01','5','2026-01-22 04:14:28','2026-01-24 02:56:20'),(42,'1',1,'2',2,'8705AR2LKCWTRH','Windows 10',19,6,'0.00','2026-01-01','5','2026-01-22 04:22:17','2026-01-24 02:56:20'),(43,'6',6,'2',2,'3CH6Z24','Windows 11',47,6,'0.00','2026-01-01','5','2026-01-22 04:30:03','2026-01-24 02:56:20'),(44,'5',5,'2',2,'A7F2L9X0Q1W8','Windows 10',28,4,'0.00','2026-01-01','5','2026-01-22 04:35:44','2026-01-24 02:56:20'),(45,'5',5,'2',2,'M3Z6T1B9E4K7','Windows 10',79,4,'0.00','2026-01-01','5','2026-01-22 04:40:29','2026-01-24 02:56:20'),(46,'3',3,'2',2,'P9N2C8H5R0D3','Windows 10',10,4,'0.00','2026-01-01','5','2026-01-22 04:58:45','2026-01-24 02:56:20'),(47,'5',5,'2',2,'X0Q8F3Z2K6V1','Windows 11',48,4,'0.00','2026-01-01','5','2026-01-22 05:40:01','2026-01-24 02:56:20'),(48,'5',5,'2',2,'J6W1Y4A7L2M9','Windows 10',81,4,'0.00','2026-01-01','5','2026-01-22 05:47:31','2026-01-24 02:56:20'),(49,'6',6,'1',1,'8LGQ904','Windows 11',69,4,'0.00','2026-01-01','5','2026-01-22 05:51:00','2026-01-24 02:56:20'),(50,'6',6,'1',1,'FHGQ904','Windows 11',70,4,'0.00','2026-01-01','5','2026-01-22 05:52:59','2026-01-24 02:56:20'),(51,'1',1,'2',2,'YLTE0V0H0','Windows 11',27,2,'0.00','2026-01-01','5','2026-01-22 05:59:02','2026-01-24 02:56:20'),(52,'5',5,'2',2,'L8PFCG00B194345','Windows 10',82,2,'0.00','2026-01-01','5','2026-01-22 06:48:58','2026-01-24 02:56:20'),(54,'5',5,'2',2,'4ce237BMVH','Windows 10',23,2,'0.00','2026-01-01','5','2026-01-22 22:57:47','2026-01-24 02:56:20'),(55,'6',6,'2',2,'J9K5P2X7M1LV','Windows 10',29,2,'0.00','2026-01-01','5','2026-01-22 23:03:30','2026-01-24 02:56:20'),(56,'1',1,'2',2,'8705AR2','Windows 10',83,2,'0.00','2026-01-01','5','2026-01-22 23:12:08','2026-01-24 02:56:20'),(57,'5',5,'2',2,'SN','Windows 10',79,2,'0.00','2026-01-01','5','2026-01-22 23:14:23','2026-01-24 02:56:20'),(58,'5',5,'2',2,'MXL0221R9D','Windows 10',23,2,'0.00','2026-01-01','5','2026-01-22 23:21:26','2026-01-24 02:56:20'),(59,'5',5,'2',2,'M9C3L5Y7N1TX','Windows 10',79,1,'0.00','2026-01-01','5','2026-01-22 23:36:05','2026-01-24 02:56:20'),(60,'6',6,'1',1,'18862925511','Windows 11',45,1,'0.00','2026-01-01','5','2026-01-22 23:40:09','2026-01-24 02:56:20'),(63,'6',6,'2',2,'u237e2t6tg','macOS Ventura',2,5,'1200.00','2019-12-12','1','2026-01-23 01:19:13','2026-01-24 02:56:20'),(64,'5',5,'2',2,'F3L6N1Y9T8WB','Windows 10',6,1,'0.00','2026-01-01','5','2026-01-23 01:20:42','2026-01-24 02:56:20'),(65,'3',3,'2',2,'X1M4T9L2W7QC','Windows 10',14,1,'0.00','2026-01-01','5','2026-01-23 03:59:03','2026-01-24 02:56:20'),(66,'6',6,'2',2,'648Y144','Windows 11',51,1,'0.00','2026-01-01','5','2026-01-23 04:03:53','2026-01-24 02:56:20'),(67,'5',5,'1',1,'5CG039326W','Windows 11',45,1,'0.00','2026-01-01','5','2026-01-23 04:12:58','2026-01-24 02:56:20'),(68,'5',5,'1',1,'5CG039326W','Windows 11',45,1,'0.00','2026-01-01','5','2026-01-23 04:38:18','2026-01-24 02:56:20'),(69,'6',6,'2',2,'G5X9A1V7N3QE','Windows 11',35,1,'0.00','2026-01-01','5','2026-01-23 04:50:39','2026-01-24 02:56:20'),(70,'2',2,'2',2,'ENSAMBLE','Windows 10',83,1,'0.00','2026-01-01','5','2026-01-23 05:02:20','2026-01-24 02:56:20'),(71,'5',5,'2',2,'4CE237BNFP','Windows 10',32,1,'0.00','2026-01-01','5','2026-01-23 05:06:40','2026-01-24 02:56:20'),(72,'1',1,'3',3,'X7T1P2Z9K4MC','Windows 11',4,1,'0.00','2026-01-01','5','2026-01-23 05:32:08','2026-01-24 02:56:20'),(73,'1',1,'2',2,'YLT0G8CY','Windows 10',20,1,'0.00','2026-01-01','5','2026-01-23 05:49:58','2026-01-24 02:56:20'),(74,'5',5,'2',2,'Q1V9Y4T7L3BC','Windows 10',49,1,'0.00','2026-01-01','5','2026-01-23 05:56:18','2026-01-24 02:56:20'),(75,'5',5,'3',3,'Q1V9Y4T7L3BC','Windows 11',53,1,'0.00','2026-01-01','5','2026-01-23 06:01:32','2026-01-24 02:56:20'),(76,'5',5,'3',3,'J7B1T2C9K6VM','Windows 10',56,1,'0.00','2026-01-01','5','2026-01-23 06:03:46','2026-01-24 02:56:20'),(77,'6',6,'1',1,'LPF4ZG09F','Windows 11',72,1,'0.00','2026-01-01','5','2026-01-23 06:36:01','2026-01-24 02:56:20'),(78,'6',6,'1',1,'K6R2M5N1X9TA','Windows 11',55,1,'0.00','2026-01-01','5','2026-01-23 06:38:46','2026-01-24 02:56:20'),(79,'6',6,'2',2,'D3X6A1P9M7QL','Windows 11',61,1,'0.00','2026-01-01','5','2026-01-23 07:00:15','2026-01-24 02:56:20'),(80,'5',5,'2',2,'M2T4K7W9B1ZX','Windows 10',31,1,'0.00','2026-01-01','5','2026-01-23 07:03:30','2026-01-24 02:56:20'),(81,'6',6,'1',1,'Z6B8P1T4K9WV','Windows 11',63,1,'0.00','2026-01-01','5','2026-01-23 07:06:25','2026-01-24 02:56:20'),(82,'5',5,'2',2,'N4L6X9M3Q1WP','Windows 11',16,1,'0.00','2026-01-01','5','2026-01-23 22:49:27','2026-01-24 02:56:20'),(83,'2',2,'2',2,'L8PFCG00B176345','Windows 10',46,1,'0.00','2026-01-01','5','2026-01-23 22:53:06','2026-01-24 02:56:20'),(84,'5',5,'2',2,'A8L1C7N5Q9WR','Windows 11',13,1,'0.00','2026-01-01','5','2026-01-23 22:57:10','2026-01-24 02:56:20'),(85,'5',5,'3',3,'T6W4Z2M9P1BX','Windows 11',24,1,'0.00','2026-01-01','5','2026-01-23 23:00:56','2026-01-24 02:56:20'),(86,'5',5,'2',2,'B7Q5Y1L8K3MN','Windows 11',42,1,'0.00','2026-01-01','5','2026-01-23 23:04:13','2026-01-24 02:56:20'),(87,'3',3,'2',2,'C3X9V7P2M6LA','Windows 10',33,1,'0.00','2026-01-01','5','2026-01-23 23:10:24','2026-01-24 02:56:20'),(88,'1',1,'3',3,'XZ91TR2H00C6','Windows 10',12,1,'0.00','2026-01-01','5','2026-01-23 23:12:56','2026-01-24 02:56:20'),(89,'3',3,'2',2,'ZT89LQW3X9B2','Windows 11',39,1,'0.00','2026-01-01','5','2026-01-23 23:22:59','2026-01-24 02:56:20'),(90,'1',1,'2',2,'P2N6K4T9Y1ZM','Windows 10',34,1,'0.00','2026-01-01','5','2026-01-23 23:29:42','2026-01-24 02:56:20'),(91,'6',6,'2',2,'3XQ2HJ3','Windows 10',65,1,'0.00','2026-01-01','5','2026-01-23 23:32:44','2026-01-24 02:56:20'),(92,'5',5,'2',2,'D4M6X2N1K9PQ','Windows 10',15,1,'0.00','2026-01-01','5','2026-01-23 23:36:12','2026-01-24 02:56:20'),(93,'1',1,'2',2,'YLT0G81D','Windows 10',38,1,'0.00','2026-01-01','5','2026-01-23 23:39:49','2026-01-24 02:56:20'),(94,'5',5,'2',2,'MXL0312KGL','Windows 10',66,1,'0.00','2026-01-01','5','2026-01-23 23:44:54','2026-01-24 02:56:20'),(95,'5',5,'2',2,'N3K7M4X9L2QT','Windows 10',11,1,'0.00','2026-01-01','5','2026-01-23 23:47:34','2026-01-24 02:56:20'),(96,'5',5,'1',1,'E2Y9L3K7T1WX','Windows 10',84,1,'0.00','2026-01-01','5','2026-01-23 23:51:21','2026-01-24 02:56:20'),(97,'2',2,'2',2,'ENSAMBLE','Windows 10',83,1,'0.00','2026-01-01','5','2026-01-23 23:56:00','2026-01-24 02:56:20'),(98,'1',1,'3',3,'SMP2ADZVK','Windows 11',36,1,'0.00','2026-01-01','5','2026-01-23 23:58:24','2026-01-24 02:56:20'),(99,'6',6,'1',1,'LP4LLC30','Windows 11',71,1,'0.00','2026-01-01','5','2026-01-24 00:01:49','2026-01-24 02:56:20'),(100,'5',5,'1',1,'5CG037B1YD','Windows 10',88,1,'1.00','2026-01-01','3 años','2026-01-24 00:08:05','2026-01-28 00:08:04'),(101,'1',1,'1',1,'MP09WC4R','Windows 10',85,1,'0.00','2026-01-01','5','2026-01-24 00:10:52','2026-01-28 00:56:39'),(102,'5',5,'1',1,'5CG0378233','Windows 10',15,1,'0.00','2026-01-01','5','2026-01-24 00:13:31','2026-01-24 02:56:20'),(103,'3',3,'2',2,'DTSXLAL005519A20773000','Windows 11',38,1,'0.00','2026-01-01','5','2026-01-24 00:16:35','2026-01-24 02:56:20'),(104,'5',5,'1',1,'D8Z6R2F3W1QT','Windows 10',86,1,'0.00','2026-01-01','5','2026-01-24 00:29:33','2026-01-24 02:56:20'),(105,'5',5,'1',1,'NO','Windows 10',86,1,'0.00','2026-01-01','5','2026-01-24 00:33:00','2026-01-24 02:56:20'),(106,'5',5,'1',1,'NO','Windows 10',1,1,'0.00','2026-01-01','5','2026-01-24 00:35:49','2026-01-24 02:56:20'),(107,'2',2,'2',2,'NO','Windows 11',50,1,'0.00','2026-01-01','5','2026-01-24 00:40:10','2026-01-24 02:56:20'),(108,'3',3,'2',2,'DTVT5AL00210301C209600','Windows 11',1,1,'0.00','2026-01-01','5','2026-01-24 00:50:49','2026-01-24 02:56:20'),(125,NULL,6,NULL,1,'180TLD4','Windows|11 Pro',72,1,'0.00','2026-01-01','4','2026-01-28 01:30:27','2026-01-28 01:30:27'),(126,NULL,6,NULL,1,'2TLVLD4','Windows|11 Pro',38,1,'0.00','2026-01-01','4','2026-01-28 01:33:31','2026-01-28 01:33:31'),(127,NULL,6,NULL,1,'6NXSLD4','Windows|11 Pro',55,1,'0.00','2026-01-01','4','2026-01-28 01:35:16','2026-01-28 01:35:16'),(138,NULL,2,NULL,1,'8786554678','Linux|Ubuntu',74,1,'13000.00','2019-12-12','4','2026-01-29 00:59:31','2026-01-29 01:38:44');
/*!40000 ALTER TABLE `equipos` ENABLE KEYS */;
UNLOCK TABLES;

--
-- Table structure for table `historiales_log`
--

DROP TABLE IF EXISTS `historiales_log`;
/*!40101 SET @saved_cs_client     = @@character_set_client */;
/*!40101 SET character_set_client = utf8 */;
CREATE TABLE `historiales_log` (
  `id` bigint(20) unsigned NOT NULL AUTO_INCREMENT,
  `activo_id` bigint(20) unsigned NOT NULL,
  `usuario_accion_id` bigint(20) unsigned NOT NULL,
  `tipo_registro` varchar(255) NOT NULL,
  `detalles_json` longtext CHARACTER SET utf8mb4 COLLATE utf8mb4_bin DEFAULT NULL CHECK (json_valid(`detalles_json`)),
  `created_at` timestamp NULL DEFAULT NULL,
  `updated_at` timestamp NULL DEFAULT NULL,
  PRIMARY KEY (`id`),
  KEY `historiales_log_usuario_accion_id_foreign` (`usuario_accion_id`),
  KEY `historiales_log_activo_id_foreign` (`activo_id`),
  CONSTRAINT `historiales_log_activo_id_foreign` FOREIGN KEY (`activo_id`) REFERENCES `equipos` (`id`) ON DELETE CASCADE,
  CONSTRAINT `historiales_log_usuario_accion_id_foreign` FOREIGN KEY (`usuario_accion_id`) REFERENCES `users` (`id`)
) ENGINE=InnoDB AUTO_INCREMENT=244 DEFAULT CHARSET=utf8mb4 COLLATE=utf8mb4_unicode_ci;
/*!40101 SET character_set_client = @saved_cs_client */;

--
-- Dumping data for table `historiales_log`
--

LOCK TABLES `historiales_log` WRITE;
/*!40000 ALTER TABLE `historiales_log` DISABLE KEYS */;
INSERT INTO `historiales_log` VALUES (2,100,1,'Actualizacion','{\"mensaje\":\"Actualizaci\\u00f3n de especificaciones\",\"usuario_asignado\":\"VENTA INNOVAMEDICA\",\"cambios\":{\"Usuario Custodio\":{\"antes\":\"YETZI RAMIREZ\",\"despues\":\"VENTA INNOVAMEDICA\"},\"Valor Inicial\":{\"antes\":\"$0.00\",\"despues\":\"$1.00\"},\"Vida Util Estimada\":{\"antes\":\"5 a\\u00f1os\",\"despues\":\"3 a\\u00f1os a\\u00f1os\"}}}','2026-01-28 00:08:04','2026-01-28 00:08:04'),(3,100,1,'Actualizacion','{\"mensaje\":\"Se actualiz\\u00f3 informaci\\u00f3n del monitor\",\"usuario_asignado\":\"VENTA INNOVAMEDICA\",\"rol\":\"INVITADO\",\"cambios\":{\"Monitor -> Escala Pulgadas\":{\"antes\":\"14\",\"despues\":null},\"Monitor -> Interface\":{\"antes\":\"Integrado\",\"despues\":null}}}','2026-01-28 00:08:04','2026-01-28 00:08:04'),(4,107,1,'Componente Extra','{\"mensaje\":\"NUEVO COMPONENTE: Se sum\\u00f3 un monitor\",\"usuario_asignado\":\"Sa\\u00fal Cruz\",\"rol\":\"INVITADO\",\"cambios\":{\"Monitor Adicional\":{\"antes\":\"Inexistente\",\"despues\":\"Marca: AOC | S\\/N: 230R6HA007683 | Escala: 20\\\" | Interface: HDMI\"}}}','2026-01-28 00:19:21','2026-01-28 00:19:21'),(7,73,2,'Componente Extra','{\"mensaje\":\"NUEVO COMPONENTE: Se sum\\u00f3 un monitor\",\"usuario_asignado\":\"Eder Alejandro V\\u00e1zquez\",\"rol\":\"INVITADO\",\"cambios\":{\"Monitor Adicional\":{\"antes\":\"Inexistente\",\"despues\":\"Marca: AOC | S\\/N: 257R9HA003761 | Escala: 24\\\" | Interface: HDMI\"}}}','2026-01-28 00:53:00','2026-01-28 00:53:00'),(8,101,2,'Actualizacion','{\"mensaje\":\"Actualizaci\\u00f3n de especificaciones\",\"usuario_asignado\":\"YETZI RAMIREZ\",\"cambios\":{\"Usuario Custodio\":{\"antes\":\"Jese Andy Soto\",\"despues\":\"YETZI RAMIREZ\"}}}','2026-01-28 00:56:39','2026-01-28 00:56:39'),(9,101,2,'Actualizacion','{\"mensaje\":\"Se actualiz\\u00f3 informaci\\u00f3n del monitor\",\"usuario_asignado\":\"YETZI RAMIREZ\",\"rol\":\"INVITADO\",\"cambios\":{\"Monitor -> Escala Pulgadas\":{\"antes\":\"14\",\"despues\":null},\"Monitor -> Interface\":{\"antes\":\"Integrado\",\"despues\":null}}}','2026-01-28 00:56:39','2026-01-28 00:56:39'),(10,125,2,'Creacion','{\"mensaje\":\"Creacion de Equipo\",\"usuario_asignado\":\"Lucia Ch\\u00e1vez Oropeza\",\"rol\":\"INVITADO\",\"cambios\":{\"Usuario Asignado\":{\"antes\":\"N\\/A\",\"despues\":\"Lucia Ch\\u00e1vez Oropeza\"},\"Marca del Equipo\":{\"antes\":\"N\\/A\",\"despues\":\"Dell\"},\"Tipo de Activo\":{\"antes\":\"N\\/A\",\"despues\":\"Laptop\"},\"Serial\":{\"antes\":\"N\\/A\",\"despues\":\"180TLD4\"},\"Sistema Operativo\":{\"antes\":\"N\\/A\",\"despues\":\"Windows 11 Pro\"},\"Valor Inicial\":{\"antes\":\"N\\/A\",\"despues\":\"$0.00\"},\"Fecha de Adquisicion\":{\"antes\":\"N\\/A\",\"despues\":\"2026-01-01\"},\"Vida Util estimada\":{\"antes\":\"N\\/A\",\"despues\":\"4 a\\u00f1os\"}}}','2026-01-28 01:30:27','2026-01-28 01:30:27'),(11,125,2,'Componente Extra','{\"mensaje\":\"NUEVO COMPONENTE: Se sum\\u00f3 un monitor\",\"usuario_asignado\":\"Lucia Ch\\u00e1vez Oropeza\",\"rol\":\"INVITADO\",\"cambios\":{\"Monitor Adicional\":{\"antes\":\"Inexistente\",\"despues\":\"Marca: Dell | S\\/N: INTEGRADO | Escala: 15\\\" | Interface: Integrado\"}}}','2026-01-28 01:30:27','2026-01-28 01:30:27'),(12,125,2,'Componente Extra','{\"mensaje\":\"NUEVO COMPONENTE: Se instal\\u00f3 una unidad de almacenamiento\",\"usuario_asignado\":\"Lucia Ch\\u00e1vez Oropeza\",\"rol\":\"INVITADO\",\"cambios\":{\"Disco Duro \\/ SSD\":{\"antes\":\"Inexistente\",\"despues\":\"Capacidad: 512GB | Tipo: SSD | Interface: SATA III\"}}}','2026-01-28 01:30:27','2026-01-28 01:30:27'),(13,125,2,'Componente Extra','{\"mensaje\":\"NUEVO COMPONENTE: Se sumo una Ram\",\"usuario_asignado\":\"Lucia Ch\\u00e1vez Oropeza\",\"rol\":\"INVITADO\",\"cambios\":{\"Ram Adicional\":{\"antes\":\"Sin RAM as    ignada\",\"despues\":\"16GB | 3200Mhz | DDR4\"}}}','2026-01-28 01:30:27','2026-01-28 01:30:27'),(14,125,2,'Componente Extra','{\"mensaje\":\"NUEVO COMPONENTE: Se sum\\u00f3 un procesador\",\"usuario_asignado\":\"Lucia Ch\\u00e1vez Oropeza\",\"rol\":\"INVITADO\",\"cambios\":{\"Procesador Nuevo\":{\"antes\":\"Inexistente\",\"despues\":\"Marca: Intel | Modelo: Core i7\"}}}','2026-01-28 01:30:28','2026-01-28 01:30:28'),(15,126,2,'Creacion','{\"mensaje\":\"Creacion de Equipo\",\"usuario_asignado\":\"Jese Andy Soto\",\"rol\":\"INVITADO\",\"cambios\":{\"Usuario Asignado\":{\"antes\":\"N\\/A\",\"despues\":\"Jese Andy Soto\"},\"Marca del Equipo\":{\"antes\":\"N\\/A\",\"despues\":\"Dell\"},\"Tipo de Activo\":{\"antes\":\"N\\/A\",\"despues\":\"Laptop\"},\"Serial\":{\"antes\":\"N\\/A\",\"despues\":\"2TLVLD4\"},\"Sistema Operativo\":{\"antes\":\"N\\/A\",\"despues\":\"Windows 11 Pro\"},\"Valor Inicial\":{\"antes\":\"N\\/A\",\"despues\":\"$0.00\"},\"Fecha de Adquisicion\":{\"antes\":\"N\\/A\",\"despues\":\"2026-01-01\"},\"Vida Util estimada\":{\"antes\":\"N\\/A\",\"despues\":\"4 a\\u00f1os\"}}}','2026-01-28 01:33:31','2026-01-28 01:33:31'),(16,126,2,'Componente Extra','{\"mensaje\":\"NUEVO COMPONENTE: Se sum\\u00f3 un monitor\",\"usuario_asignado\":\"Jese Andy Soto\",\"rol\":\"INVITADO\",\"cambios\":{\"Monitor Adicional\":{\"antes\":\"Inexistente\",\"despues\":\"Marca: Dell | S\\/N: INTEGRADO | Escala: 15\\\" | Interface: Integrado\"}}}','2026-01-28 01:33:31','2026-01-28 01:33:31'),(17,126,2,'Componente Extra','{\"mensaje\":\"NUEVO COMPONENTE: Se instal\\u00f3 una unidad de almacenamiento\",\"usuario_asignado\":\"Jese Andy Soto\",\"rol\":\"INVITADO\",\"cambios\":{\"Disco Duro \\/ SSD\":{\"antes\":\"Inexistente\",\"despues\":\"Capacidad: 512GB | Tipo: SSD | Interface: SATA III\"}}}','2026-01-28 01:33:31','2026-01-28 01:33:31'),(18,126,2,'Componente Extra','{\"mensaje\":\"NUEVO COMPONENTE: Se sumo una Ram\",\"usuario_asignado\":\"Jese Andy Soto\",\"rol\":\"INVITADO\",\"cambios\":{\"Ram Adicional\":{\"antes\":\"Sin RAM as    ignada\",\"despues\":\"16GB | 3200Mhz | DDR4\"}}}','2026-01-28 01:33:31','2026-01-28 01:33:31'),(19,126,2,'Componente Extra','{\"mensaje\":\"NUEVO COMPONENTE: Se sum\\u00f3 un procesador\",\"usuario_asignado\":\"Jese Andy Soto\",\"rol\":\"INVITADO\",\"cambios\":{\"Procesador Nuevo\":{\"antes\":\"Inexistente\",\"despues\":\"Marca: Intel | Modelo: Core i7\"}}}','2026-01-28 01:33:31','2026-01-28 01:33:31'),(20,127,2,'Creacion','{\"mensaje\":\"Creacion de Equipo\",\"usuario_asignado\":\"Yolanda Janette Zapien\",\"rol\":\"INVITADO\",\"cambios\":{\"Usuario Asignado\":{\"antes\":\"N\\/A\",\"despues\":\"Yolanda Janette Zapien\"},\"Marca del Equipo\":{\"antes\":\"N\\/A\",\"despues\":\"Dell\"},\"Tipo de Activo\":{\"antes\":\"N\\/A\",\"despues\":\"Laptop\"},\"Serial\":{\"antes\":\"N\\/A\",\"despues\":\"6NXSLD4\"},\"Sistema Operativo\":{\"antes\":\"N\\/A\",\"despues\":\"Windows 11 Pro\"},\"Valor Inicial\":{\"antes\":\"N\\/A\",\"despues\":\"$0.00\"},\"Fecha de Adquisicion\":{\"antes\":\"N\\/A\",\"despues\":\"2026-01-01\"},\"Vida Util estimada\":{\"antes\":\"N\\/A\",\"despues\":\"4 a\\u00f1os\"}}}','2026-01-28 01:35:17','2026-01-28 01:35:17'),(21,127,2,'Componente Extra','{\"mensaje\":\"NUEVO COMPONENTE: Se sum\\u00f3 un monitor\",\"usuario_asignado\":\"Yolanda Janette Zapien\",\"rol\":\"INVITADO\",\"cambios\":{\"Monitor Adicional\":{\"antes\":\"Inexistente\",\"despues\":\"Marca: Dell | S\\/N: INTEGRADO | Escala: 15\\\" | Interface: Integrado\"}}}','2026-01-28 01:35:17','2026-01-28 01:35:17'),(22,127,2,'Componente Extra','{\"mensaje\":\"NUEVO COMPONENTE: Se instal\\u00f3 una unidad de almacenamiento\",\"usuario_asignado\":\"Yolanda Janette Zapien\",\"rol\":\"INVITADO\",\"cambios\":{\"Disco Duro \\/ SSD\":{\"antes\":\"Inexistente\",\"despues\":\"Capacidad: 512GB | Tipo: SSD | Interface: SATA III\"}}}','2026-01-28 01:35:17','2026-01-28 01:35:17'),(23,127,2,'Componente Extra','{\"mensaje\":\"NUEVO COMPONENTE: Se sumo una Ram\",\"usuario_asignado\":\"Yolanda Janette Zapien\",\"rol\":\"INVITADO\",\"cambios\":{\"Ram Adicional\":{\"antes\":\"Sin RAM as    ignada\",\"despues\":\"16GB | 3200Mhz | DDR4\"}}}','2026-01-28 01:35:17','2026-01-28 01:35:17'),(24,127,2,'Componente Extra','{\"mensaje\":\"NUEVO COMPONENTE: Se sum\\u00f3 un procesador\",\"usuario_asignado\":\"Yolanda Janette Zapien\",\"rol\":\"INVITADO\",\"cambios\":{\"Procesador Nuevo\":{\"antes\":\"Inexistente\",\"despues\":\"Marca: Intel | Modelo: Core i7\"}}}','2026-01-28 01:35:17','2026-01-28 01:35:17'),(118,138,1,'Creacion','{\"mensaje\":\"Registro integral de nuevo activo y componentes.\",\"usuario_asignado\":\"Israel Erick Razo Falc\\u00f3n\",\"cambios\":{\"Usuario Asignado\":{\"antes\":\"N\\/A\",\"despues\":\"Israel Erick Razo Falc\\u00f3n\"},\"Marca del Equipo\":{\"antes\":\"N\\/A\",\"despues\":\"ASUS\"},\"Tipo de Activo\":{\"antes\":\"N\\/A\",\"despues\":\"Laptop\"},\"Serial\":{\"antes\":\"N\\/A\",\"despues\":\"8786554678\"},\"Hardware Inicial\":{\"antes\":\"N\\/A\",\"despues\":\"<strong>Procesador:<\\/strong> Intel (Ryzen 7) | <strong>RAM:<\\/strong> 32GB \\u2022 3200MHz | <strong>Disco Duro:<\\/strong> 480GB \\u2022 HDD \\u2022 [PCIe Gen 3] | <strong>Monitor:<\\/strong> Acer \\u2022 24\\\" \\u2022 [DVI] \\u2022 S\\/N: 8765435678 | <strong>Periferico:<\\/strong> Teclado \\u2022 Lenovo [Bluetooth] S\\/N: 9887655wertrtyu\"},\"Sistema Operativo\":{\"antes\":\"N\\/A\",\"despues\":\"Linux Ubuntu\"},\"Valor Inicial\":{\"antes\":\"N\\/A\",\"despues\":\"$13,000.00\"},\"Fecha de Adquisicion\":{\"antes\":\"N\\/A\",\"despues\":\"2019-12-12\"},\"Vida Util estimada\":{\"antes\":\"N\\/A\",\"despues\":\"4 a\\u00f1os\"}}}','2026-01-29 00:59:31','2026-01-29 00:59:31'),(121,5,1,'MANTENIMIENTO','{\"mensaje\":\"Nuevo Mantenimiento agregado\",\"usuario_asignado\":\"conexion mal hecha we\",\"rol\":\"conexion mal hecha amor\",\"cambios\":{\"Mantenimiento Creado\":{\"antes\":\"Inexistente\",\"despues\":\"<ul><li><b>Tipo de Evento:<\\/b> TRAlALERO<\\/li><li><b>Usuario que realizo el Mantenimiento:<\\/b> 74<\\/li><li><b>Usuario encargado del mantenimiento:<\\/b> oiuytfyyui+<\\/li><li><b>Fecha de Evento<\\/b> 2018-12-12<\\/li><li><b>Contexto del Evento:<\\/b> oiuytfyyui+<\\/li><li><b>Costo(De tenerlo):<\\/b> $ <\\/li><\\/ul>\"}}}','2026-01-29 01:15:37','2026-01-29 01:15:37'),(129,138,1,'Actualizacion','{\"mensaje\":\"Actualizaci\\u00f3n de especificaciones\",\"usuario_asignado\":\"johan jael\",\"cambios\":{\"Usuario Custodio\":{\"antes\":\"Israel Erick Razo Falc\\u00f3n\",\"despues\":\"johan jael\"}}}','2026-01-29 01:38:44','2026-01-29 01:38:44'),(130,138,1,'Actualizacion','{\"mensaje\":\"Se actualiz\\u00f3 informaci\\u00f3n del periiferico\",\"usuario_asignado\":\"johan jael\",\"rol\":\"INVITADO\",\"cambios\":{\"Periferico -> Is Active\":{\"antes\":1,\"despues\":0}}}','2026-01-29 01:38:44','2026-01-29 01:38:44'),(131,138,1,'Actualizacion','{\"mensaje\":\"Se actualiz\\u00f3 informaci\\u00f3n del ram\",\"usuario_asignado\":\"johan jael\",\"rol\":\"INVITADO\",\"cambios\":{\"Ram -> Is Active\":{\"antes\":1,\"despues\":0}}}','2026-01-29 01:38:44','2026-01-29 01:38:44'),(132,138,1,'Actualizacion','{\"mensaje\":\"Se actualiz\\u00f3 informaci\\u00f3n del monitor\",\"usuario_asignado\":\"johan jael\",\"rol\":\"INVITADO\",\"cambios\":{\"Monitor -> Is Active\":{\"antes\":1,\"despues\":0}}}','2026-01-29 01:38:44','2026-01-29 01:38:44'),(133,138,1,'Actualizacion','{\"mensaje\":\"Se actualiz\\u00f3 informaci\\u00f3n t\\u00e9cnica del disco\",\"usuario_asignado\":\"N\\/A\",\"rol\":\"N\\/A\",\"cambios\":{\"Almacenamiento -> Interface\":{\"antes\":\"PCIe Gen 3\",\"despues\":\"Thunderbolt\"}}}','2026-01-29 01:38:55','2026-01-29 01:38:55'),(186,138,1,'Actualizacion','{\"mensaje\":\"Se actualiz\\u00f3 informaci\\u00f3n del periferico\",\"color\":\"info\",\"usuario_asignado\":\"johan jael\",\"rol\":\"INVITADO\",\"cambios\":{\"Periferico -> Motivo Inactivo\":{\"antes\":\"N\\/A\",\"despues\":\"asjdfasghdf\"}}}','2026-01-31 00:01:11','2026-01-31 00:01:11'),(187,138,1,'inactivacion -Procesador-','{\"mensaje\":\"COMPONENTE INACTIVADO: El procesador ha sido puesto fuera de servicio.\",\"color\":\"info\",\"usuario_asignado\":\"johan jael\",\"rol\":\"INVITADO\",\"cambios\":{\"Procesador -> Is Active\":{\"antes\":\"Activo\",\"despues\":\"Inactivo\"},\"Procesador -> Motivo Inactivo\":{\"antes\":\"N\\/A\",\"despues\":\"kowpdjfoiwe\"}}}','2026-01-31 00:01:11','2026-01-31 00:01:11'),(188,138,1,'componente-extra -Procesador-','{\"mensaje\":\"\\u26a1 SE AGREG\\u00d3 COMPONENTE EXTRA: \",\"usuario_asignado\":\"johan jael\",\"rol\":\"INVITADO\",\"cambios\":{\"Estado Inicial\":{\"antes\":\"N\\/A (Nuevo)\",\"despues\":\" Activo\"},\"Motivo\":{\"antes\":\"-\",\"despues\":\"Instalacion inicial\"},\"Detalle\":{\"antes\":\"-\",\"despues\":\" \"}}}','2026-01-31 00:01:11','2026-01-31 00:01:11'),(229,138,1,'Actualizacion','{\"mensaje\":\"Se actualiz\\u00f3 informaci\\u00f3n de la RAM\",\"color\":\"info\",\"usuario_asignado\":\"johan jael\",\"rol\":\"INVITADO\",\"cambios\":{\"RAM -> Motivo Inactivo\":{\"antes\":\"N\\/A\",\"despues\":\"descompostura\"}}}','2026-01-31 01:07:47','2026-01-31 01:07:47'),(230,138,1,'Actualizacion','{\"mensaje\":\"Se actualiz\\u00f3 informaci\\u00f3n del monitor\",\"color\":\"info\",\"usuario_asignado\":\"johan jael\",\"rol\":\"INVITADO\",\"cambios\":{\"Monitor -> Motivo Inactivo\":{\"antes\":\"N\\/A\",\"despues\":\"dwelkrwe\"}}}','2026-01-31 01:07:47','2026-01-31 01:07:47'),(231,138,1,'componente-extra Monitor','{\"mensaje\":\"\\u26a1 SE AGREG\\u00d3 MONITOR: Panasonic 28\\\"\",\"usuario_asignado\":\"johan jael\",\"rol\":\"INVITADO\",\"cambios\":{\"Estado Inicial\":{\"antes\":\"N\\/A (Nuevo)\",\"despues\":\"Activo\"},\"Especificaciones\":{\"antes\":\"Inexistente\",\"despues\":\"Marca: Panasonic | S\\/N: hola, esoy Activado | Escala: 28\\\" | Interface: Mini DisplayPort\"}}}','2026-01-31 01:07:47','2026-01-31 01:07:47'),(232,138,1,'componente-extra Periferico','{\"mensaje\":\"\\u26a1 SE AGREG\\u00d3 PERIF\\u00c9RICO: Tablet gr\\u00e1fica Asus\",\"usuario_asignado\":\"johan jael\",\"rol\":\"INVITADO\",\"cambios\":{\"Estado Inicial\":{\"antes\":\"N\\/A (Nuevo)\",\"despues\":\" Activo\"},\"Motivo\":{\"antes\":\"-\",\"despues\":\"Instalaci\\u00f3n inicial\"},\"Detalle\":{\"antes\":\"-\",\"despues\":\"Tipo: Tablet gr\\u00e1fica | Marca: Asus | Interfaz: \"}}}','2026-01-31 01:10:36','2026-01-31 01:10:36'),(233,138,1,'componente-extra RAM','{\"mensaje\":\"\\u26a1 NUEVA RAM INSTALADA: 4GB DDR3\",\"usuario_asignado\":\"johan jael\",\"rol\":\"INVITADO\",\"cambios\":{\"Estado Inicial\":{\"antes\":\"N\\/A (Nuevo)\",\"despues\":\"Activo\"},\"Especificaciones\":{\"antes\":\"Sin RAM asignada\",\"despues\":\"4GB | 2133Mhz | DDR3\"}}}','2026-01-31 01:10:37','2026-01-31 01:10:37'),(234,138,1,'Eliminacion','{\"mensaje\":\"COMPONENTE ELIMINADO: Se retir\\u00f3 un procesador del equipo\",\"usuario_asignado\":\"johan jael\",\"rol\":\"INVITADO\",\"cambios\":{\"Procesador Retirado\":{\"antes\":\"Marca:  | Desc: \",\"despues\":\"ELIMINADO\"}},\"respaldo\":{\"id\":140,\"equipo_id\":138,\"marca\":null,\"descripcion_tipo\":null,\"created_at\":\"2026-01-30T18:01:11.000000Z\",\"updated_at\":\"2026-01-30T18:01:11.000000Z\",\"is_active\":1,\"motivo_inactivo\":null}}','2026-01-31 01:10:37','2026-01-31 01:10:37'),(235,138,1,'componente-extra Procesador','{\"mensaje\":\"\\u26a1 SE AGREG\\u00d3 COMPONENTE EXTRA: MSI\",\"usuario_asignado\":\"johan jael\",\"rol\":\"INVITADO\",\"cambios\":{\"Estado Inicial\":{\"antes\":\"N\\/A (Nuevo)\",\"despues\":\" Activo\"},\"Motivo\":{\"antes\":\"-\",\"despues\":\"Instalacion inicial\"},\"Detalle\":{\"antes\":\"-\",\"despues\":\"MSI Hola desde procesador activado\"}}}','2026-01-31 01:10:37','2026-01-31 01:10:37'),(236,138,1,'Actualizacion','{\"mensaje\":\"Se actualiz\\u00f3 informaci\\u00f3n del monitor\",\"color\":\"info\",\"usuario_asignado\":\"johan jael\",\"rol\":\"INVITADO\",\"cambios\":{\"Monitor -> Serial\":{\"antes\":\"hola, esoy Activado\",\"despues\":\"Hola desde Monitor Activado\"}}}','2026-01-31 01:10:37','2026-01-31 01:10:37'),(237,138,1,'inactivacion Almacenamiento','{\"mensaje\":\"Se actualiz\\u00f3 informaci\\u00f3n t\\u00e9cnica del disco\",\"usuario_asignado\":\"johan jael\",\"rol\":\"INVITADO\",\"cambios\":{\"Almacenamiento -> Is Active\":{\"antes\":1,\"despues\":0},\"Almacenamiento -> Motivo Inactivo\":{\"antes\":\"N\\/A\",\"despues\":\"por cuestiones esteticas\"}}}','2026-01-31 01:10:37','2026-01-31 01:10:37'),(238,138,1,'componente-extra Almacenamiento','{\"mensaje\":\"NUEVO COMPONENTE: Se instal\\u00f3 una unidad de almacenamiento\",\"usuario_asignado\":\"johan jael\",\"rol\":\"INVITADO\",\"cambios\":{\"Disco Duro \\/ SSD\":{\"antes\":\"Inexistente\",\"despues\":\"Capacidad: 12TB | Tipo: Otro | Interface: Otro\"}}}','2026-01-31 01:10:37','2026-01-31 01:10:37'),(239,138,1,'inactivacion Periferico','{\"mensaje\":\"COMPONENTE INACTIVADO: El perif\\u00e9rico ha sido puesto fuera de servicio.\",\"color\":\"info\",\"usuario_asignado\":\"johan jael\",\"rol\":\"INVITADO\",\"cambios\":{\"Perif\\u00e9rico -> Is Active\":{\"antes\":\"Activo\",\"despues\":\"Inactivo\"},\"Perif\\u00e9rico -> Motivo Inactivo\":{\"antes\":\"N\\/A\",\"despues\":\"nope\"}}}','2026-01-31 01:29:57','2026-01-31 01:29:57'),(240,138,1,'inactivacion RAM','{\"mensaje\":\"COMPONENTE INACTIVADO: Una memoria RAM ha sido desactivada.\",\"color\":\"info\",\"usuario_asignado\":\"johan jael\",\"rol\":\"INVITADO\",\"cambios\":{\"RAM -> Is Active\":{\"antes\":\"Activo\",\"despues\":\"Inactivo\"},\"RAM -> Motivo Inactivo\":{\"antes\":\"N\\/A\",\"despues\":\"nope\"}}}','2026-01-31 01:29:58','2026-01-31 01:29:58'),(241,138,1,'inactivacion Procesador','{\"mensaje\":\"COMPONENTE INACTIVADO: El procesador ha sido puesto fuera de servicio.\",\"color\":\"info\",\"usuario_asignado\":\"johan jael\",\"rol\":\"INVITADO\",\"cambios\":{\"Procesador -> Is Active\":{\"antes\":\"Activo\",\"despues\":\"Inactivo\"},\"Procesador -> Motivo Inactivo\":{\"antes\":\"N\\/A\",\"despues\":\"nope\"}}}','2026-01-31 01:29:58','2026-01-31 01:29:58'),(242,138,1,'inactivacion Monitor','{\"mensaje\":\"\\u26a0\\ufe0f COMPONENTE INACTIVADO: El monitor ha sido puesto fuera de servicio.\",\"color\":\"info\",\"usuario_asignado\":\"johan jael\",\"rol\":\"INVITADO\",\"cambios\":{\"Monitor -> Is Active\":{\"antes\":\"Activo\",\"despues\":\"Inactivo\"},\"Monitor -> Motivo Inactivo\":{\"antes\":\"N\\/A\",\"despues\":\"nope\"}}}','2026-01-31 01:29:58','2026-01-31 01:29:58'),(243,138,1,'inactivacion Almacenamiento','{\"mensaje\":\"Se actualiz\\u00f3 informaci\\u00f3n t\\u00e9cnica del disco\",\"usuario_asignado\":\"johan jael\",\"rol\":\"INVITADO\",\"cambios\":{\"Almacenamiento -> Is Active\":{\"antes\":1,\"despues\":0},\"Almacenamiento -> Motivo Inactivo\":{\"antes\":\"N\\/A\",\"despues\":\"nop\"}}}','2026-01-31 01:29:58','2026-01-31 01:29:58');
/*!40000 ALTER TABLE `historiales_log` ENABLE KEYS */;
UNLOCK TABLES;

--
-- Table structure for table `marcas`
--

DROP TABLE IF EXISTS `marcas`;
/*!40101 SET @saved_cs_client     = @@character_set_client */;
/*!40101 SET character_set_client = utf8 */;
CREATE TABLE `marcas` (
  `id` bigint(20) unsigned NOT NULL AUTO_INCREMENT,
  `nombre` varchar(255) NOT NULL,
  `created_at` timestamp NULL DEFAULT NULL,
  `updated_at` timestamp NULL DEFAULT NULL,
  PRIMARY KEY (`id`),
  UNIQUE KEY `marcas_nombre_unique` (`nombre`)
) ENGINE=InnoDB AUTO_INCREMENT=12 DEFAULT CHARSET=utf8mb4 COLLATE=utf8mb4_unicode_ci;
/*!40101 SET character_set_client = @saved_cs_client */;

--
-- Dumping data for table `marcas`
--

LOCK TABLES `marcas` WRITE;
/*!40000 ALTER TABLE `marcas` DISABLE KEYS */;
INSERT INTO `marcas` VALUES (1,'Lenovo','2026-01-22 21:59:52','2026-01-22 21:59:52'),(2,'ASUS','2026-01-22 21:59:52','2026-01-22 21:59:52'),(3,'Acer','2026-01-22 21:59:52','2026-01-22 21:59:52'),(4,'GHIA','2026-01-22 21:59:52','2026-01-22 21:59:52'),(5,'HP','2026-01-22 21:59:52','2026-01-22 21:59:52'),(6,'Dell','2026-01-22 21:59:54','2026-01-22 21:59:54'),(10,'ENSAMBLE','2026-01-24 01:15:05','2026-01-24 01:15:05');
/*!40000 ALTER TABLE `marcas` ENABLE KEYS */;
UNLOCK TABLES;

--
-- Table structure for table `migrations`
--

DROP TABLE IF EXISTS `migrations`;
/*!40101 SET @saved_cs_client     = @@character_set_client */;
/*!40101 SET character_set_client = utf8 */;
CREATE TABLE `migrations` (
  `id` int(10) unsigned NOT NULL AUTO_INCREMENT,
  `migration` varchar(255) NOT NULL,
  `batch` int(11) NOT NULL,
  PRIMARY KEY (`id`)
) ENGINE=InnoDB AUTO_INCREMENT=24 DEFAULT CHARSET=utf8mb4 COLLATE=utf8mb4_unicode_ci;
/*!40101 SET character_set_client = @saved_cs_client */;

--
-- Dumping data for table `migrations`
--

LOCK TABLES `migrations` WRITE;
/*!40000 ALTER TABLE `migrations` DISABLE KEYS */;
INSERT INTO `migrations` VALUES (1,'2019_12_14_000001_create_personal_access_tokens_table',1),(2,'2025_11_19_203722_create_products_table',1),(3,'2025_11_19_204126_create_users_table',1),(4,'2025_11_19_205912_create_ubicaciones_table',1),(5,'2025_11_19_210833_create_equipos_table',1),(6,'2025_11_19_211748_create_historiales_log_table',1),(7,'2025_11_19_212251_create_historiales_log_table',1),(8,'2025_11_19_212612_create_discos_duros_table',1),(9,'2025_11_19_213123_create_monitores_table',1),(10,'2025_11_19_213427_create_rams_table',1),(11,'2025_11_19_213950_create_perifericos_table',1),(12,'2025_11_19_214221_create_procesadores_table',1),(13,'2025_11_19_220556_rename_correo_to_email_in_users_table',1),(14,'2025_11_19_220850_rename_nombre_to_name_in_users_table',1),(15,'2026_01_09_110259_add_soft_deletes_to_equipos_table',2),(17,'2026_01_09_110931_change_sistema_operativo_size_in_equipos_table',3),(18,'2026_01_12_180745_create_imagens_table',4),(19,'2026_01_13_014101_remove_deleted_at_from_equipos_table',5),(20,'2026_01_22_151922_create_marcas_table',6),(21,'2026_01_22_151934_create_tipo_activos_table',7),(22,'2026_01_22_152807_add_foreign_keys_to_equipos_table',8),(23,'2026_01_28_152248_add_status_to_components_tables',9);
/*!40000 ALTER TABLE `migrations` ENABLE KEYS */;
UNLOCK TABLES;

--
-- Table structure for table `monitores`
--

DROP TABLE IF EXISTS `monitores`;
/*!40101 SET @saved_cs_client     = @@character_set_client */;
/*!40101 SET character_set_client = utf8 */;
CREATE TABLE `monitores` (
  `id` bigint(20) unsigned NOT NULL AUTO_INCREMENT,
  `equipo_id` bigint(20) unsigned NOT NULL,
  `marca` varchar(255) DEFAULT NULL,
  `serial` varchar(255) DEFAULT NULL,
  `escala_pulgadas` varchar(255) DEFAULT NULL,
  `interface` varchar(255) DEFAULT NULL,
  `created_at` timestamp NULL DEFAULT NULL,
  `updated_at` timestamp NULL DEFAULT NULL,
  `is_active` tinyint(1) NOT NULL DEFAULT 1,
  `motivo_inactivo` text DEFAULT NULL,
  PRIMARY KEY (`id`),
  KEY `monitores_equipo_id_foreign` (`equipo_id`),
  CONSTRAINT `monitores_equipo_id_foreign` FOREIGN KEY (`equipo_id`) REFERENCES `equipos` (`id`) ON DELETE CASCADE
) ENGINE=InnoDB AUTO_INCREMENT=130 DEFAULT CHARSET=utf8mb4 COLLATE=utf8mb4_unicode_ci;
/*!40101 SET character_set_client = @saved_cs_client */;

--
-- Dumping data for table `monitores`
--

LOCK TABLES `monitores` WRITE;
/*!40000 ALTER TABLE `monitores` DISABLE KEYS */;
INSERT INTO `monitores` VALUES (12,5,'Acer','SN62107948585','20','VGA','2026-01-20 01:19:41','2026-01-20 01:19:41',1,NULL),(16,9,'Acer','X9D3QPLM7785','20','VGA','2026-01-20 02:05:32','2026-01-20 02:05:32',1,NULL),(17,10,'Acer','M8X2K7R5Z9N3','20','VGA','2026-01-20 23:25:56','2026-01-20 23:25:56',1,NULL),(18,11,'LANIX','SN1993','19','VGA','2026-01-20 23:48:56','2026-01-20 23:48:56',1,NULL),(19,12,'HP','SNJH97','19','VGA','2026-01-20 23:57:44','2026-01-20 23:57:44',1,NULL),(20,13,'LG','T1C9V4J8L6B2','22','VGA','2026-01-21 00:05:31','2026-01-21 00:05:31',1,NULL),(21,14,'LG','G1092','20','VGA','2026-01-21 00:10:43','2026-01-21 00:10:43',1,NULL),(22,15,'HP','INTEGRADO','24','Integrado','2026-01-21 00:29:48','2026-01-21 00:29:48',1,NULL),(23,16,'HP','INTEGRADO','24','Integrado','2026-01-21 00:33:11','2026-01-21 00:33:11',1,NULL),(24,17,'Lenovo','INTEGRADO','24',NULL,'2026-01-21 00:38:51','2026-01-27 00:07:19',1,NULL),(25,18,'Lenovo','INTEGRADO','24','HDMI','2026-01-21 00:47:03','2026-01-21 00:47:03',1,NULL),(26,19,'HP','INTEGRADO','24','Integrado','2026-01-21 01:03:41','2026-01-21 01:03:41',1,NULL),(27,20,'HP','INTEGRADO','24','Integrado','2026-01-21 01:06:47','2026-01-21 01:06:47',1,NULL),(28,21,'HP','SN1GRX','19','VGA','2026-01-21 01:16:46','2026-01-21 01:16:46',1,NULL),(29,22,'HP','INTEGRADO','14','Integrado','2026-01-21 01:40:29','2026-01-21 01:40:29',1,NULL),(30,23,'HP','INTEGRADO','14','Integrado','2026-01-21 01:52:55','2026-01-21 01:52:55',1,NULL),(31,24,'Lenovo','INTEGRADO','15','Integrado','2026-01-21 01:56:12','2026-01-21 01:56:12',1,NULL),(32,25,'Lenovo','INTEGRADO','24','Integrado','2026-01-21 02:03:24','2026-01-21 02:03:24',1,NULL),(33,26,'Lenovo','INTEGRADO','14','Integrado','2026-01-21 04:13:57','2026-01-21 04:13:57',1,NULL),(34,27,'Dell','INTEGRADO','14','Integrado','2026-01-21 04:20:29','2026-01-21 04:20:29',1,NULL),(35,28,'Dell','INTEGRADO','14','Integrado','2026-01-21 04:26:37','2026-01-21 04:26:37',1,NULL),(36,29,'Dell','INTEGRADO','14','Integrado','2026-01-21 04:30:18','2026-01-21 04:30:18',1,NULL),(37,30,'HP','INTEGRADO','14','Integrado','2026-01-21 04:39:17','2026-01-21 04:39:17',1,NULL),(38,31,'HP','SN','14','Integrado','2026-01-21 05:41:45','2026-01-21 05:41:45',1,NULL),(39,32,'Dell','INTEGRADO','14','Integrado','2026-01-21 05:54:31','2026-01-21 05:54:31',1,NULL),(40,33,'LG','G0425','20','VGA','2026-01-21 05:59:50','2026-01-21 05:59:50',1,NULL),(41,34,'Acer','518063339185SN','20','VGA','2026-01-22 01:51:37','2026-01-22 01:51:37',1,NULL),(42,35,'Acer','MMTYRAA001348008B24HA1','19','HDMI','2026-01-22 01:57:50','2026-01-22 01:57:50',1,NULL),(43,36,'HP','INTEGRADO','19','Integrado','2026-01-22 02:03:46','2026-01-22 02:03:46',1,NULL),(44,37,'AOPEN','SN223002247321','20','HDMI','2026-01-22 02:07:51','2026-01-22 02:07:51',1,NULL),(45,38,'Samsung','ZZR3H4TJC00830X','22','VGA','2026-01-22 03:52:09','2026-01-22 03:52:09',1,NULL),(46,39,'Samsung','ZZR3H4TJC00830X','22','VGA','2026-01-22 03:53:11','2026-01-22 03:53:11',1,NULL),(47,40,'Samsung','ZZR3H4TJC00830X','22','VGA','2026-01-22 03:53:39','2026-01-22 03:53:39',1,NULL),(48,41,'Lenovo','SD10W19233','19','VGA','2026-01-22 04:14:29','2026-01-22 04:14:29',1,NULL),(49,42,'Acer','SNID94350034340','17','VGA','2026-01-22 04:22:18','2026-01-22 04:22:18',1,NULL),(50,43,'Acer','MMTYRAA001348008B24HA1','19','HDMI','2026-01-22 04:30:03','2026-01-22 04:30:03',1,NULL),(51,44,'Acer','L4D7N9B0E1S5','20','VGA','2026-01-22 04:35:45','2026-01-22 04:35:45',1,NULL),(52,45,'Acer','C2V8M6Y3T9Q1','19','VGA','2026-01-22 04:40:29','2026-01-22 04:40:29',1,NULL),(53,46,'Acer','Z1K5W0R3N8L2','19','VGA','2026-01-22 04:58:45','2026-01-22 04:58:45',1,NULL),(54,47,'Acer','N0Y6L3P8A7D4','19','VGA','2026-01-22 05:40:01','2026-01-22 05:40:01',1,NULL),(55,48,'Lenovo','E7T9B4C1X2M6','20','VGA','2026-01-22 05:47:31','2026-01-22 05:47:31',1,NULL),(56,49,'Dell','INTEGRADO','14','Integrado','2026-01-22 05:51:00','2026-01-22 05:51:00',1,NULL),(57,50,'Dell','INTEGRADO','14','Integrado','2026-01-22 05:52:59','2026-01-22 05:52:59',1,NULL),(58,51,'Acer','MMTYRAA0013480008834HA1','19','VGA','2026-01-22 05:59:02','2026-01-22 05:59:02',1,NULL),(59,52,'HP','NO TIENE','19','VGA','2026-01-22 06:48:58','2026-01-22 06:48:58',1,NULL),(61,54,'Acer','NO','20','VGA','2026-01-22 22:57:48','2026-01-22 22:57:48',1,NULL),(62,55,'Dell','5XJTR1','19','VGA','2026-01-22 23:03:30','2026-01-22 23:03:30',1,NULL),(63,56,'AOPEN','MMAASAA003206223LAJ','19','VGA','2026-01-22 23:12:09','2026-01-22 23:12:09',1,NULL),(64,58,'Lenovo','TQ1M5ZRC8LVA','19','VGA','2026-01-22 23:21:27','2026-01-22 23:21:27',1,NULL),(65,59,'HP','CNC8351GND','19','VGA','2026-01-22 23:36:06','2026-01-22 23:36:06',1,NULL),(66,60,'Dell','INTEGRADO','14','Integrado','2026-01-22 23:40:10','2026-01-22 23:40:10',1,NULL),(67,64,'HP','CNC8351GD2','19','VGA','2026-01-23 01:20:43','2026-01-23 01:20:43',1,NULL),(68,65,'Acer','SN13408762842','20','VGA','2026-01-23 03:59:03','2026-01-23 03:59:03',1,NULL),(69,66,'Acer','MMTYRAA001348008C34HA1','19','HDMI','2026-01-23 04:03:54','2026-01-23 04:03:54',1,NULL),(70,67,'HP','INTEGRADO','14','Integrado','2026-01-23 04:12:58','2026-01-23 04:12:58',1,NULL),(71,68,'HP','INTEGRADO','14','Integrado','2026-01-23 04:38:18','2026-01-23 04:38:18',1,NULL),(72,69,'Dell','P3H7E6Q1X9M5','20','VGA','2026-01-23 04:50:39','2026-01-23 04:50:39',1,NULL),(73,70,'Samsung','RM7K2D3C5824B','19','VGA','2026-01-23 05:02:20','2026-01-23 05:02:20',1,NULL),(74,71,'AOPEN','R4K8N2W7Y3Z6','20','VGA','2026-01-23 05:06:41','2026-01-23 05:06:41',1,NULL),(75,72,'Lenovo','INTEGRADO','24','Integrado','2026-01-23 05:32:08','2026-01-23 05:32:08',1,NULL),(76,73,'Acer','518063872385ID','20','VGA','2026-01-23 05:49:58','2026-01-23 05:49:58',1,NULL),(77,74,'HP','J598','19','VGA','2026-01-23 05:56:18','2026-01-23 05:56:18',1,NULL),(78,75,'HP','INTEGRADO','24','Integrado','2026-01-23 06:01:32','2026-01-23 06:01:32',1,NULL),(79,76,'HP','INTEGRADO','24','Integrado','2026-01-23 06:03:46','2026-01-23 06:03:46',1,NULL),(80,77,'Dell','INTEGRADO','14','Integrado','2026-01-23 06:36:01','2026-01-23 06:36:01',1,NULL),(81,78,'Dell','INTEGRADO','14','Integrado','2026-01-23 06:38:47','2026-01-23 06:38:47',1,NULL),(82,79,'Acer','L9B2T5C8A1M7','20','VGA','2026-01-23 07:00:15','2026-01-23 07:00:15',1,NULL),(83,80,'HP','Z5X1F6M3R8K9','19','VGA','2026-01-23 07:03:30','2026-01-23 07:03:30',1,NULL),(84,81,'Dell','INTEGRADO','14','Integrado','2026-01-23 07:06:26','2026-01-23 07:06:26',1,NULL),(85,82,'LG','308NTTQG0417','22','HDMI','2026-01-23 22:49:27','2026-01-23 22:49:27',1,NULL),(86,83,'Lenovo','XP1B6T9QLYMG','19','VGA','2026-01-23 22:53:06','2026-01-23 22:53:06',1,NULL),(87,84,'HP','RA3WJMKP1GF0','19','VGA','2026-01-23 22:57:11','2026-01-23 22:57:11',1,NULL),(88,85,'HP','INTEGRADO','24','Integrado','2026-01-23 23:00:56','2026-01-23 23:00:56',1,NULL),(89,86,'Acer','WY4ZMCQK5585','20','VGA','2026-01-23 23:04:13','2026-01-23 23:04:13',1,NULL),(90,87,'HP','SN','20','VGA','2026-01-23 23:10:25','2026-01-23 23:10:25',1,NULL),(91,88,'Lenovo','INTEGRADO','24','Integrado','2026-01-23 23:12:57','2026-01-23 23:12:57',1,NULL),(92,89,'Samsung','LM47PQB4604Y','14','VGA','2026-01-23 23:22:59','2026-01-23 23:22:59',1,NULL),(93,90,'Lenovo','WQ4N81X954HE','19','VGA','2026-01-23 23:29:42','2026-01-23 23:29:42',1,NULL),(94,91,'Dell','INTEGRADO','14','Integrado','2026-01-23 23:32:45','2026-01-23 23:32:45',1,NULL),(95,92,'Acer','SN','20','VGA','2026-01-23 23:36:12','2026-01-23 23:36:12',1,NULL),(96,93,'LG','G0425','20','HDMI','2026-01-23 23:39:49','2026-01-23 23:39:49',1,NULL),(97,94,'Lenovo','V9-05MKVF','19','VGA','2026-01-23 23:44:55','2026-01-23 23:44:55',1,NULL),(98,95,'HP','TX9VQKMN1JFP','19','VGA','2026-01-23 23:47:34','2026-01-23 23:47:34',1,NULL),(99,96,'HP','INTEGRADO','14','Integrado','2026-01-23 23:51:21','2026-01-23 23:51:21',1,NULL),(100,97,'Samsung','ZZJEH4TH600346J','20','VGA','2026-01-23 23:56:01','2026-01-23 23:56:01',1,NULL),(101,98,'Lenovo','INTEGRADO','24','Integrado','2026-01-23 23:58:24','2026-01-23 23:58:24',1,NULL),(102,99,'Dell','INTEGRADO','15','VGA','2026-01-24 00:01:50','2026-01-24 00:01:50',1,NULL),(103,100,'HP','INTEGRADO',NULL,NULL,'2026-01-24 00:08:05','2026-01-28 00:08:04',1,NULL),(104,101,'Lenovo','INTEGRADO',NULL,NULL,'2026-01-24 00:10:53','2026-01-28 00:56:39',1,NULL),(105,102,'HP','INTEGRADO','14','Integrado','2026-01-24 00:13:31','2026-01-24 00:13:31',1,NULL),(106,103,'HP','19','19','VGA','2026-01-24 00:16:36','2026-01-24 00:16:36',1,NULL),(107,104,'HP','INTEGRADO','14','Integrado','2026-01-24 00:29:34','2026-01-24 00:29:34',1,NULL),(108,105,'HP','INTEGRADO','14','Integrado','2026-01-24 00:33:00','2026-01-24 00:33:00',1,NULL),(109,106,'HP','INTEGRADO','14','Integrado','2026-01-24 00:35:49','2026-01-24 00:35:49',1,NULL),(110,107,'HP','CNC8351FYR','19','VGA','2026-01-24 00:40:10','2026-01-24 00:40:10',1,NULL),(111,108,'Samsung','ZZR3H4TJC00901F','24','HDMI','2026-01-24 00:50:50','2026-01-24 00:50:50',1,NULL),(115,107,'AOC','230R6HA007683','20','HDMI','2026-01-28 00:19:21','2026-01-28 00:19:21',1,NULL),(117,73,'AOC','257R9HA003761','24','HDMI','2026-01-28 00:52:59','2026-01-28 00:52:59',1,NULL),(118,125,'Dell','INTEGRADO','15','Integrado','2026-01-28 01:30:27','2026-01-28 01:30:27',1,NULL),(119,126,'Dell','INTEGRADO','15','Integrado','2026-01-28 01:33:31','2026-01-28 01:33:31',1,NULL),(120,127,'Dell','INTEGRADO','15','Integrado','2026-01-28 01:35:17','2026-01-28 01:35:17',1,NULL),(125,138,'Acer','8765435678','24','DVI','2026-01-29 00:59:31','2026-01-31 01:07:47',0,'dwelkrwe'),(129,138,'Panasonic','Hola desde Monitor Activado','28','Mini DisplayPort','2026-01-31 01:07:47','2026-01-31 01:29:58',0,'nope');
/*!40000 ALTER TABLE `monitores` ENABLE KEYS */;
UNLOCK TABLES;

--
-- Table structure for table `perifericos`
--

DROP TABLE IF EXISTS `perifericos`;
/*!40101 SET @saved_cs_client     = @@character_set_client */;
/*!40101 SET character_set_client = utf8 */;
CREATE TABLE `perifericos` (
  `id` bigint(20) unsigned NOT NULL AUTO_INCREMENT,
  `equipo_id` bigint(20) unsigned NOT NULL,
  `tipo` varchar(255) DEFAULT NULL,
  `marca` varchar(255) DEFAULT NULL,
  `serial` varchar(255) DEFAULT NULL,
  `interface` varchar(255) DEFAULT NULL,
  `created_at` timestamp NULL DEFAULT NULL,
  `updated_at` timestamp NULL DEFAULT NULL,
  `is_active` tinyint(1) NOT NULL DEFAULT 1,
  `motivo_inactivo` text DEFAULT NULL,
  PRIMARY KEY (`id`),
  KEY `perifericos_equipo_id_foreign` (`equipo_id`),
  CONSTRAINT `perifericos_equipo_id_foreign` FOREIGN KEY (`equipo_id`) REFERENCES `equipos` (`id`) ON DELETE CASCADE
) ENGINE=InnoDB AUTO_INCREMENT=100 DEFAULT CHARSET=utf8mb4 COLLATE=utf8mb4_unicode_ci;
/*!40101 SET character_set_client = @saved_cs_client */;

--
-- Dumping data for table `perifericos`
--

LOCK TABLES `perifericos` WRITE;
/*!40000 ALTER TABLE `perifericos` DISABLE KEYS */;
INSERT INTO `perifericos` VALUES (17,5,'Teclado','Logitech','2230MR092FA8','USB','2026-01-20 01:19:41','2026-01-20 01:19:41',1,NULL),(18,9,'Teclado','Logitech','2437MRW22JC8','USB','2026-01-20 02:05:32','2026-01-20 02:05:32',1,NULL),(19,10,'Teclado','Logitech','SN','USB','2026-01-20 23:25:57','2026-01-20 23:25:57',1,NULL),(20,11,'Teclado','Logitech','2103MR1C2088','USB','2026-01-20 23:48:57','2026-01-20 23:48:57',1,NULL),(21,12,'Teclado','Logitech','SN','USB','2026-01-20 23:57:45','2026-01-20 23:57:45',1,NULL),(22,13,'Teclado','Microsoft','SN','USB','2026-01-21 00:05:32','2026-01-21 00:05:32',1,NULL),(23,14,'Teclado','Logitech','SN','USB','2026-01-21 00:10:44','2026-01-21 00:10:44',1,NULL),(24,15,'Teclado','Logitech','SN','USB','2026-01-21 00:29:49','2026-01-21 00:29:49',1,NULL),(25,16,'Teclado','Logitech','SN','USB','2026-01-21 00:33:13','2026-01-21 00:33:13',1,NULL),(26,17,'Teclado','Logitech','SN','USB','2026-01-21 00:38:52','2026-01-21 00:38:52',1,NULL),(27,18,'Teclado','Logitech','SN','USB','2026-01-21 00:47:03','2026-01-21 00:47:03',1,NULL),(28,19,'Teclado','Logitech','SN','USB','2026-01-21 01:03:42','2026-01-21 01:03:42',1,NULL),(29,20,'Teclado','Logitech','SN','USB','2026-01-21 01:06:48','2026-01-21 01:06:48',1,NULL),(30,21,'Teclado','Logitech','SN','USB','2026-01-21 01:16:46','2026-01-21 01:16:46',1,NULL),(31,22,'Teclado','Logitech','2231MR0ACDD8','USB','2026-01-21 01:40:30','2026-01-21 01:40:30',1,NULL),(32,23,'Teclado','Logitech','SN','USB','2026-01-21 01:52:55','2026-01-21 01:52:55',1,NULL),(33,25,'Teclado','Lenovo','SN','USB','2026-01-21 02:03:24','2026-01-21 02:03:24',1,NULL),(34,32,'Teclado','Logitech','SN','USB','2026-01-21 05:54:32','2026-01-21 05:54:32',1,NULL),(35,33,'Teclado','Logitech','SN','USB','2026-01-21 05:59:50','2026-01-21 05:59:50',1,NULL),(37,34,'Teclado','Logitech','SN','USB','2026-01-22 01:51:38','2026-01-22 01:51:38',1,NULL),(38,35,'Teclado','Lenovo','SN','USB','2026-01-22 01:57:51','2026-01-22 01:57:51',1,NULL),(39,36,'Teclado','Logitech','SN','USB','2026-01-22 02:03:47','2026-01-22 02:03:47',1,NULL),(40,37,'Teclado','Logitech','SN','USB','2026-01-22 02:07:52','2026-01-22 02:07:52',1,NULL),(41,40,'Teclado','Logitech','SN','USB','2026-01-22 03:53:40','2026-01-22 03:53:40',1,NULL),(42,41,'Teclado','Logitech','SN','USB','2026-01-22 04:14:29','2026-01-22 04:14:29',1,NULL),(43,42,'Teclado','Logitech','SN','USB','2026-01-22 04:22:18','2026-01-22 04:22:18',1,NULL),(44,43,'Teclado','Logitech','SN','USB','2026-01-22 04:30:04','2026-01-22 04:30:04',1,NULL),(45,44,'Teclado','Logitech','SN','USB','2026-01-22 04:35:45','2026-01-22 04:35:45',1,NULL),(46,45,'Teclado','Logitech','SN','USB','2026-01-22 04:40:30','2026-01-22 04:40:30',1,NULL),(47,46,'Teclado','Logitech','SN','USB','2026-01-22 04:58:46','2026-01-22 04:58:46',1,NULL),(48,47,'Teclado','Logitech','SN','USB','2026-01-22 05:40:02','2026-01-22 05:40:02',1,NULL),(49,48,'Teclado','Logitech','SN','USB','2026-01-22 05:47:32','2026-01-22 05:47:32',1,NULL),(50,51,'Teclado','Logitech','SN','USB','2026-01-22 05:59:03','2026-01-22 05:59:03',1,NULL),(51,52,'Teclado','Logitech','SN','USB','2026-01-22 06:48:58','2026-01-22 06:48:58',1,NULL),(53,54,'Teclado','Logitech','SN','USB','2026-01-22 22:57:49','2026-01-22 22:57:49',1,NULL),(54,55,'Teclado','Logitech','SN','USB','2026-01-22 23:03:31','2026-01-22 23:03:31',1,NULL),(55,56,'Teclado','Logitech','SN','USB','2026-01-22 23:12:09','2026-01-22 23:12:09',1,NULL),(56,57,'Teclado','Logitech','SN','USB','2026-01-22 23:14:24','2026-01-22 23:14:24',1,NULL),(57,58,'Teclado','Logitech','SN','USB','2026-01-22 23:21:28','2026-01-22 23:21:28',1,NULL),(58,59,'Teclado','Logitech','SN','USB','2026-01-22 23:36:06','2026-01-22 23:36:06',1,NULL),(59,64,'Teclado','Logitech','SN','USB','2026-01-23 01:20:44','2026-01-23 01:20:44',1,NULL),(60,65,'Teclado','Logitech','SN','USB','2026-01-23 03:59:04','2026-01-23 03:59:04',1,NULL),(61,66,'Teclado','Logitech','SN','USB','2026-01-23 04:03:54','2026-01-23 04:03:54',1,NULL),(62,69,'Teclado','Logitech','SN','USB','2026-01-23 04:50:40','2026-01-23 04:50:40',1,NULL),(63,70,'Teclado','Logitech','SN','USB','2026-01-23 05:02:21','2026-01-23 05:02:21',1,NULL),(64,71,'Teclado','Logitech','SN','USB','2026-01-23 05:06:42','2026-01-23 05:06:42',1,NULL),(65,72,'Teclado','Logitech','SN','USB','2026-01-23 05:32:09','2026-01-23 05:32:09',1,NULL),(66,73,'Teclado','Lenovo','SN','USB','2026-01-23 05:49:59','2026-01-23 05:49:59',1,NULL),(67,74,'Teclado','Logitech','SN','USB','2026-01-23 05:56:18','2026-01-23 05:56:18',1,NULL),(68,75,'Teclado','Logitech','SN','USB','2026-01-23 06:01:33','2026-01-23 06:01:33',1,NULL),(69,76,'Teclado','Logitech','SN','USB','2026-01-23 06:03:47','2026-01-23 06:03:47',1,NULL),(70,79,'Teclado','Logitech','SN','USB','2026-01-23 07:00:16','2026-01-23 07:00:16',1,NULL),(71,80,'Teclado','Logitech','SN','USB','2026-01-23 07:03:31','2026-01-23 07:03:31',1,NULL),(72,82,'Teclado','Logitech','SN','USB','2026-01-23 22:49:28','2026-01-23 22:49:28',1,NULL),(73,83,'Teclado','Logitech','SN','USB','2026-01-23 22:53:07','2026-01-23 22:53:07',1,NULL),(74,84,'Teclado','Logitech','SN','USB','2026-01-23 22:57:11','2026-01-23 22:57:11',1,NULL),(75,85,'Teclado','Logitech','SN','USB','2026-01-23 23:00:57','2026-01-23 23:00:57',1,NULL),(76,86,'Teclado','Logitech','SN','USB','2026-01-23 23:04:14','2026-01-23 23:04:14',1,NULL),(77,87,'Teclado','Logitech','SN','USB','2026-01-23 23:10:25','2026-01-23 23:10:25',1,NULL),(78,88,'Teclado','Logitech','SN','USB','2026-01-23 23:12:58','2026-01-23 23:12:58',1,NULL),(79,89,'Teclado','Logitech','SN','USB','2026-01-23 23:23:00','2026-01-23 23:23:00',1,NULL),(80,90,'Teclado','Logitech','SN','USB','2026-01-23 23:29:43','2026-01-23 23:29:43',1,NULL),(81,92,'Teclado','Logitech','SN','USB','2026-01-23 23:36:13','2026-01-23 23:36:13',1,NULL),(82,93,'Teclado','Logitech','SN','USB','2026-01-23 23:39:50','2026-01-23 23:39:50',1,NULL),(83,94,'Teclado','Logitech','SN','USB','2026-01-23 23:44:55','2026-01-23 23:44:55',1,NULL),(84,95,'Teclado','Logitech','SN','USB','2026-01-23 23:47:35','2026-01-23 23:47:35',1,NULL),(85,97,'Teclado','Logitech','SN','USB','2026-01-23 23:56:02','2026-01-23 23:56:02',1,NULL),(86,98,'Teclado','Lenovo','SN','USB','2026-01-23 23:58:25','2026-01-23 23:58:25',1,NULL),(87,107,'Teclado','Logitech','SN','USB','2026-01-24 00:40:11','2026-01-24 00:40:11',1,NULL),(88,108,'Teclado','Logitech','SN','USB','2026-01-24 00:50:50','2026-01-24 00:50:50',1,NULL),(94,138,'Teclado','Lenovo','9887655wertrtyu','Bluetooth','2026-01-29 00:59:31','2026-01-31 00:01:11',0,'asjdfasghdf'),(99,138,'Tablet gráfica','Asus','Hola desde Periferico Activado',NULL,'2026-01-31 01:10:36','2026-01-31 01:29:57',0,'nope');
/*!40000 ALTER TABLE `perifericos` ENABLE KEYS */;
UNLOCK TABLES;

--
-- Table structure for table `personal_access_tokens`
--

DROP TABLE IF EXISTS `personal_access_tokens`;
/*!40101 SET @saved_cs_client     = @@character_set_client */;
/*!40101 SET character_set_client = utf8 */;
CREATE TABLE `personal_access_tokens` (
  `id` bigint(20) unsigned NOT NULL AUTO_INCREMENT,
  `tokenable_type` varchar(255) NOT NULL,
  `tokenable_id` bigint(20) unsigned NOT NULL,
  `name` varchar(255) NOT NULL,
  `token` varchar(64) NOT NULL,
  `abilities` text DEFAULT NULL,
  `last_used_at` timestamp NULL DEFAULT NULL,
  `expires_at` timestamp NULL DEFAULT NULL,
  `created_at` timestamp NULL DEFAULT NULL,
  `updated_at` timestamp NULL DEFAULT NULL,
  PRIMARY KEY (`id`),
  UNIQUE KEY `personal_access_tokens_token_unique` (`token`),
  KEY `personal_access_tokens_tokenable_type_tokenable_id_index` (`tokenable_type`,`tokenable_id`)
) ENGINE=InnoDB DEFAULT CHARSET=utf8mb4 COLLATE=utf8mb4_unicode_ci;
/*!40101 SET character_set_client = @saved_cs_client */;

--
-- Dumping data for table `personal_access_tokens`
--

LOCK TABLES `personal_access_tokens` WRITE;
/*!40000 ALTER TABLE `personal_access_tokens` DISABLE KEYS */;
/*!40000 ALTER TABLE `personal_access_tokens` ENABLE KEYS */;
UNLOCK TABLES;

--
-- Table structure for table `procesadores`
--

DROP TABLE IF EXISTS `procesadores`;
/*!40101 SET @saved_cs_client     = @@character_set_client */;
/*!40101 SET character_set_client = utf8 */;
CREATE TABLE `procesadores` (
  `id` bigint(20) unsigned NOT NULL AUTO_INCREMENT,
  `equipo_id` bigint(20) unsigned NOT NULL,
  `marca` varchar(50) DEFAULT NULL,
  `descripcion_tipo` varchar(50) DEFAULT NULL,
  `created_at` timestamp NULL DEFAULT NULL,
  `updated_at` timestamp NULL DEFAULT NULL,
  `is_active` tinyint(1) NOT NULL DEFAULT 1,
  `motivo_inactivo` text DEFAULT NULL,
  PRIMARY KEY (`id`),
  KEY `procesadores_equipo_id_foreign` (`equipo_id`),
  CONSTRAINT `procesadores_equipo_id_foreign` FOREIGN KEY (`equipo_id`) REFERENCES `equipos` (`id`) ON DELETE CASCADE
) ENGINE=InnoDB AUTO_INCREMENT=142 DEFAULT CHARSET=utf8mb4 COLLATE=utf8mb4_unicode_ci;
/*!40101 SET character_set_client = @saved_cs_client */;

--
-- Dumping data for table `procesadores`
--

LOCK TABLES `procesadores` WRITE;
/*!40000 ALTER TABLE `procesadores` DISABLE KEYS */;
INSERT INTO `procesadores` VALUES (13,5,'AMD','Ryzen 3','2026-01-20 01:19:41','2026-01-20 01:19:41',1,NULL),(14,9,'Intel','Core i5','2026-01-20 02:05:32','2026-01-20 02:05:32',1,NULL),(15,10,'Intel','Core i5','2026-01-20 23:25:57','2026-01-20 23:25:57',1,NULL),(16,11,'AMD','A8-9600','2026-01-20 23:48:58','2026-01-20 23:48:58',1,NULL),(17,12,'AMD','A10-9700 R7','2026-01-20 23:57:45','2026-01-20 23:57:45',1,NULL),(18,13,'AMD','A10-9700 R7','2026-01-21 00:05:32','2026-01-21 00:05:32',1,NULL),(19,14,'Intel','Core i5','2026-01-21 00:10:44','2026-01-21 00:10:44',1,NULL),(20,16,'Intel','Core i5','2026-01-21 00:33:13','2026-01-21 00:33:13',1,NULL),(21,17,'Intel','Core i5','2026-01-21 00:38:52','2026-01-21 00:38:52',1,NULL),(22,18,'Intel','Core i5','2026-01-21 00:47:03','2026-01-21 00:47:03',1,NULL),(23,19,'Intel','Core i3','2026-01-21 01:03:42','2026-01-21 01:03:42',1,NULL),(24,20,'Intel','Core i3','2026-01-21 01:06:48','2026-01-21 01:06:48',1,NULL),(25,21,'AMD','A10-9700 R7','2026-01-21 01:16:46','2026-01-21 01:16:46',1,NULL),(26,22,'Intel','Core i3','2026-01-21 01:40:30','2026-01-21 01:40:30',1,NULL),(27,23,'Intel','Core i3','2026-01-21 01:52:55','2026-01-21 01:52:55',1,NULL),(28,24,'Intel','Core i3','2026-01-21 01:56:12','2026-01-21 01:56:12',1,NULL),(29,25,'Intel','Core i5','2026-01-21 02:03:24','2026-01-21 02:03:24',1,NULL),(30,26,'Intel','Core i3','2026-01-21 04:13:57','2026-01-21 04:13:57',1,NULL),(31,27,'Intel','Core i5','2026-01-21 04:20:29','2026-01-21 04:20:29',1,NULL),(32,28,'Intel','Core i5','2026-01-21 04:26:38','2026-01-21 04:26:38',1,NULL),(33,29,'Intel','Core i5','2026-01-21 04:30:19','2026-01-21 04:30:19',1,NULL),(34,30,'Intel','Core i5','2026-01-21 04:39:17','2026-01-21 04:39:17',1,NULL),(35,31,'Intel','Core i5','2026-01-21 05:41:45','2026-01-21 05:41:45',1,NULL),(36,32,'Intel','Core i5','2026-01-21 05:54:32','2026-01-21 05:54:32',1,NULL),(37,33,'Intel','Core i5','2026-01-21 05:59:50','2026-01-21 05:59:50',1,NULL),(38,34,'Intel','Core i3','2026-01-22 01:51:39','2026-01-22 01:51:39',1,NULL),(39,35,'Intel','Core i5','2026-01-22 01:57:51','2026-01-22 01:57:51',1,NULL),(40,36,'AMD','E1-450 APE','2026-01-22 02:03:48','2026-01-22 02:03:48',1,NULL),(41,37,'AMD','A10-9630P RADEON R5','2026-01-22 02:07:53','2026-01-22 02:07:53',1,NULL),(42,40,'AMD','AMD PRO A10-9700 R7','2026-01-22 03:53:40','2026-01-22 03:53:40',1,NULL),(43,41,'Intel','Core i5','2026-01-22 04:14:29','2026-01-22 04:23:04',1,NULL),(44,42,'AMD','AMD PRO A10-9700 R7','2026-01-22 04:22:19','2026-01-22 04:22:19',1,NULL),(45,43,'Intel','Core i5','2026-01-22 04:30:04','2026-01-22 04:30:04',1,NULL),(46,44,'AMD','AMD ATHLON 3000G','2026-01-22 04:35:46','2026-01-22 04:35:46',1,NULL),(47,45,'AMD','AMD PRO A10-9700 R7','2026-01-22 04:40:31','2026-01-22 04:40:31',1,NULL),(48,46,'AMD','AMD PRO A10-9630 R7','2026-01-22 04:58:46','2026-01-22 04:58:46',1,NULL),(49,47,'Intel','Core i5','2026-01-22 05:40:02','2026-01-22 05:40:02',1,NULL),(50,48,'AMD','AMD PRO A10-9700 R7','2026-01-22 05:47:32','2026-01-22 05:47:32',1,NULL),(51,49,'Intel','Core i5','2026-01-22 05:51:01','2026-01-22 05:51:01',1,NULL),(52,50,'Intel','Core i5','2026-01-22 05:53:00','2026-01-22 05:53:00',1,NULL),(53,51,'Intel','Core i7','2026-01-22 05:59:03','2026-01-22 05:59:03',1,NULL),(54,52,'Intel','Core i3','2026-01-22 06:48:59','2026-01-22 06:48:59',1,NULL),(56,54,'Intel','Core i3','2026-01-22 22:57:50','2026-01-22 22:57:50',1,NULL),(57,55,'Intel','Core i5','2026-01-22 23:03:31','2026-01-22 23:03:31',1,NULL),(58,56,'Intel','Celeron / Pentium','2026-01-22 23:12:10','2026-01-22 23:12:10',1,NULL),(59,57,'Intel','Core i3','2026-01-22 23:14:24','2026-01-22 23:14:24',1,NULL),(60,58,'AMD','AMD PRO A10-4655M','2026-01-22 23:21:28','2026-01-22 23:21:28',1,NULL),(61,59,'AMD','A10-9700 R7','2026-01-22 23:36:07','2026-01-22 23:36:07',1,NULL),(62,60,'Intel','Core i5','2026-01-22 23:40:10','2026-01-22 23:40:10',1,NULL),(63,64,'AMD','A10-9700 R7','2026-01-23 01:20:45','2026-01-23 01:20:45',1,NULL),(64,65,'Intel','Core i5','2026-01-23 03:59:04','2026-01-23 03:59:04',1,NULL),(65,66,'Intel','Core i5','2026-01-23 04:03:54','2026-01-23 04:03:54',1,NULL),(66,67,'Intel','Core i3','2026-01-23 04:12:59','2026-01-23 04:12:59',1,NULL),(67,68,'Intel','Core i3','2026-01-23 04:38:19','2026-01-23 04:38:19',1,NULL),(68,69,'Intel','Core i5','2026-01-23 04:50:40','2026-01-23 04:50:40',1,NULL),(69,70,'AMD','A10-9700 R7','2026-01-23 05:02:21','2026-01-23 05:02:21',1,NULL),(70,71,'Intel','Core i3','2026-01-23 05:06:42','2026-01-23 05:06:42',1,NULL),(71,72,'Intel','Core i5','2026-01-23 05:32:09','2026-01-23 05:32:09',1,NULL),(72,73,'Intel','Core i5','2026-01-23 05:49:59','2026-01-23 05:49:59',1,NULL),(73,74,'AMD','A10-9700 R7','2026-01-23 05:56:19','2026-01-23 05:56:19',1,NULL),(74,75,'Intel','Core i3','2026-01-23 06:01:33','2026-01-23 06:01:33',1,NULL),(75,76,'Intel','Core i3','2026-01-23 06:03:47','2026-01-23 06:03:47',1,NULL),(76,77,'Intel','Core i7','2026-01-23 06:36:02','2026-01-23 06:36:02',1,NULL),(77,78,'Intel','Core i5','2026-01-23 06:38:48','2026-01-23 06:38:48',1,NULL),(78,79,'Intel','Core i5','2026-01-23 07:00:16','2026-01-23 07:00:16',1,NULL),(79,80,'Intel','Core i3','2026-01-23 07:03:31','2026-01-23 07:03:31',1,NULL),(80,81,'Intel','Core i5','2026-01-23 07:06:26','2026-01-23 07:06:26',1,NULL),(81,82,'Intel','Core i3','2026-01-23 22:49:28','2026-01-23 22:49:28',1,NULL),(82,83,'Intel','Core i5','2026-01-23 22:53:07','2026-01-23 22:53:07',1,NULL),(83,84,'AMD','A10-9700 R7','2026-01-23 22:57:12','2026-01-23 22:57:12',1,NULL),(84,85,'Intel','Core i3','2026-01-23 23:00:57','2026-01-23 23:00:57',1,NULL),(85,86,'Intel','Core i5','2026-01-23 23:04:14','2026-01-23 23:04:14',1,NULL),(86,87,'Intel','Core i5','2026-01-23 23:10:25','2026-01-23 23:10:25',1,NULL),(87,88,'Intel','Core i5','2026-01-23 23:12:58','2026-01-23 23:12:58',1,NULL),(88,89,'Intel','Core i5','2026-01-23 23:23:00','2026-01-23 23:23:00',1,NULL),(89,90,'Intel','Celeron / Pentium','2026-01-23 23:29:43','2026-01-23 23:29:43',1,NULL),(90,91,'Intel','Core i5','2026-01-23 23:32:45','2026-01-23 23:32:45',1,NULL),(91,92,'Intel','ATHLON II X2 250','2026-01-23 23:36:13','2026-01-23 23:36:13',1,NULL),(92,93,'Intel','Core i5','2026-01-23 23:39:50','2026-01-23 23:39:50',1,NULL),(93,94,'AMD','ATHLON II X2 250','2026-01-23 23:44:55','2026-01-23 23:44:55',1,NULL),(94,95,'Intel','Core i5','2026-01-23 23:47:35','2026-01-23 23:47:35',1,NULL),(95,96,'Intel','Core i3','2026-01-23 23:51:22','2026-01-23 23:51:22',1,NULL),(96,97,'AMD','A6 5200','2026-01-23 23:56:02','2026-01-23 23:56:02',1,NULL),(97,98,'Intel','Core i5','2026-01-23 23:58:25','2026-01-23 23:58:25',1,NULL),(98,99,'Intel','Core i7','2026-01-24 00:01:50','2026-01-24 00:01:50',1,NULL),(99,100,'Intel','Core i3','2026-01-24 00:08:06','2026-01-24 00:08:06',1,NULL),(100,101,'Intel','Core i3','2026-01-24 00:10:53','2026-01-24 00:10:53',1,NULL),(101,102,'Intel','Core i3','2026-01-24 00:13:32','2026-01-24 00:13:32',1,NULL),(102,103,'Intel','Core i5','2026-01-24 00:16:37','2026-01-24 00:16:37',1,NULL),(103,104,'Intel','Core i3','2026-01-24 00:29:34','2026-01-24 00:29:34',1,NULL),(104,105,'Qualcomm','Atheros AR9485','2026-01-24 00:33:01','2026-01-24 00:33:01',1,NULL),(105,106,'Qualcomm','Atheros AR9485','2026-01-24 00:35:50','2026-01-24 00:35:50',1,NULL),(106,107,'AMD','ATHLON 3000G','2026-01-24 00:40:11','2026-01-24 00:40:11',1,NULL),(107,108,'Intel','Core i5','2026-01-24 00:50:51','2026-01-24 00:50:51',1,NULL),(112,125,'Intel','Core i7','2026-01-28 01:30:27','2026-01-28 01:30:27',1,NULL),(113,126,'Intel','Core i7','2026-01-28 01:33:31','2026-01-28 01:33:31',1,NULL),(114,127,'Intel','Core i7','2026-01-28 01:35:17','2026-01-28 01:35:17',1,NULL),(123,138,'Intel','Ryzen 7','2026-01-29 00:59:31','2026-01-31 00:01:11',0,'kowpdjfoiwe'),(141,138,'MSI','Hola desde procesador activado','2026-01-31 01:10:37','2026-01-31 01:29:58',0,'nope');
/*!40000 ALTER TABLE `procesadores` ENABLE KEYS */;
UNLOCK TABLES;

--
-- Table structure for table `rams`
--

DROP TABLE IF EXISTS `rams`;
/*!40101 SET @saved_cs_client     = @@character_set_client */;
/*!40101 SET character_set_client = utf8 */;
CREATE TABLE `rams` (
  `id` bigint(20) unsigned NOT NULL AUTO_INCREMENT,
  `equipo_id` bigint(20) unsigned NOT NULL,
  `capacidad_gb` varchar(255) DEFAULT NULL,
  `clock_mhz` varchar(255) DEFAULT NULL,
  `tipo_chz` varchar(255) DEFAULT NULL,
  `created_at` timestamp NULL DEFAULT NULL,
  `updated_at` timestamp NULL DEFAULT NULL,
  `is_active` tinyint(1) NOT NULL DEFAULT 1,
  `motivo_inactivo` text DEFAULT NULL,
  PRIMARY KEY (`id`),
  KEY `rams_equipo_id_foreign` (`equipo_id`),
  CONSTRAINT `rams_equipo_id_foreign` FOREIGN KEY (`equipo_id`) REFERENCES `equipos` (`id`) ON DELETE CASCADE
) ENGINE=InnoDB AUTO_INCREMENT=128 DEFAULT CHARSET=utf8mb4 COLLATE=utf8mb4_unicode_ci;
/*!40101 SET character_set_client = @saved_cs_client */;

--
-- Dumping data for table `rams`
--

LOCK TABLES `rams` WRITE;
/*!40000 ALTER TABLE `rams` DISABLE KEYS */;
INSERT INTO `rams` VALUES (12,5,'8','2666','DDR4','2026-01-20 01:19:41','2026-01-20 01:19:41',1,NULL),(16,9,'12','2666','DDR3','2026-01-20 02:05:32','2026-01-20 02:05:32',1,NULL),(17,10,'16','2666','DDR3','2026-01-20 23:25:56','2026-01-20 23:25:56',1,NULL),(18,11,'8','2400','DDR4','2026-01-20 23:48:57','2026-01-20 23:48:57',1,NULL),(19,12,'16','2666','DDR4','2026-01-20 23:57:44','2026-01-20 23:57:44',1,NULL),(20,13,'16','2666','DDR4','2026-01-21 00:05:32','2026-01-21 00:05:32',1,NULL),(21,14,'16','2666','DDR4','2026-01-21 00:10:44','2026-01-21 00:10:44',1,NULL),(22,15,'8','2666','DDR4','2026-01-21 00:29:48','2026-01-21 00:29:48',1,NULL),(23,16,'8','2666','DDR4','2026-01-21 00:33:12','2026-01-21 00:33:12',1,NULL),(24,17,'16','2666','DDR4','2026-01-21 00:38:51','2026-01-21 00:38:51',1,NULL),(25,18,'8','2666','DDR3','2026-01-21 00:47:03','2026-01-21 00:47:03',1,NULL),(26,19,'16','2666','DDR4','2026-01-21 01:03:41','2026-01-21 01:03:41',1,NULL),(27,20,'16','2666','DDR4','2026-01-21 01:06:48','2026-01-21 01:06:48',1,NULL),(28,21,'16','2400','DDR4','2026-01-21 01:16:46','2026-01-21 01:16:46',1,NULL),(29,22,'12','2666','DDR4','2026-01-21 01:40:30','2026-01-21 01:40:30',1,NULL),(30,23,'12','2666','DDR4','2026-01-21 01:52:55','2026-01-21 01:52:55',1,NULL),(31,24,'8','2666','DDR4','2026-01-21 01:56:12','2026-01-21 01:56:12',1,NULL),(32,25,'16','2666','DDR4','2026-01-21 02:03:24','2026-01-21 02:03:24',1,NULL),(33,26,'12','1600','DDR3','2026-01-21 04:13:57','2026-01-21 04:13:57',1,NULL),(34,27,'16','2666','DDR4','2026-01-21 04:20:29','2026-01-21 04:20:29',1,NULL),(35,28,'8','2666','DDR4','2026-01-21 04:26:38','2026-01-21 04:26:38',1,NULL),(36,29,'8','2666','DDR4','2026-01-21 04:30:18','2026-01-21 04:30:18',1,NULL),(37,30,'8','2666','DDR4','2026-01-21 04:39:17','2026-01-21 04:39:17',1,NULL),(38,31,'8','1600','DDR3','2026-01-21 05:41:45','2026-01-21 05:41:45',1,NULL),(39,32,'8','2666','DDR4','2026-01-21 05:54:31','2026-01-21 05:54:31',1,NULL),(40,33,'16','2666','DDR4','2026-01-21 05:59:50','2026-01-21 05:59:50',1,NULL),(41,34,'12','2133','DDR4','2026-01-22 01:51:38','2026-01-22 01:51:38',1,NULL),(42,35,'8','2400','DDR4','2026-01-22 01:57:51','2026-01-22 01:57:51',1,NULL),(43,36,'4','1600','DDR3','2026-01-22 02:03:47','2026-01-22 02:03:47',1,NULL),(44,37,'8','2400','DDR3','2026-01-22 02:07:52','2026-01-22 02:07:52',1,NULL),(45,38,'16','1866','DDR4','2026-01-22 03:52:10','2026-01-22 03:52:10',1,NULL),(46,39,'16','1866','DDR4','2026-01-22 03:53:12','2026-01-22 03:53:12',1,NULL),(47,40,'16','1866','DDR4','2026-01-22 03:53:40','2026-01-22 03:53:40',1,NULL),(48,41,'8','2666','DDR4','2026-01-22 04:14:29','2026-01-22 04:14:29',1,NULL),(49,42,'8','2666','DDR4','2026-01-22 04:22:18','2026-01-22 04:22:18',1,NULL),(50,44,'8','2400','DDR3','2026-01-22 04:35:45','2026-01-22 04:35:45',1,NULL),(51,45,'8','2666','DDR4','2026-01-22 04:40:30','2026-01-22 04:40:30',1,NULL),(52,46,'8','2400','DDR4','2026-01-22 04:58:46','2026-01-22 04:58:46',1,NULL),(53,47,'16','2666','DDR4','2026-01-22 05:40:02','2026-01-22 05:40:02',1,NULL),(54,48,'8','2400','DDR4','2026-01-22 05:47:32','2026-01-22 05:47:32',1,NULL),(55,49,'8','2666','DDR4','2026-01-22 05:51:00','2026-01-22 05:51:00',1,NULL),(56,50,'8','2666','DDR4','2026-01-22 05:52:59','2026-01-22 05:52:59',1,NULL),(57,51,'16','3200','DDR4','2026-01-22 05:59:02','2026-01-22 05:59:02',1,NULL),(58,52,'8','2666','DDR4','2026-01-22 06:48:58','2026-01-22 06:48:58',1,NULL),(60,54,'8','2933','DDR4','2026-01-22 22:57:48','2026-01-22 22:57:48',1,NULL),(61,55,'12','2400','DDR4','2026-01-22 23:03:31','2026-01-22 23:03:31',1,NULL),(62,56,'4','1333','DDR2','2026-01-22 23:12:09','2026-01-22 23:12:09',1,NULL),(63,57,'8','2400','DDR4','2026-01-22 23:14:24','2026-01-22 23:14:24',1,NULL),(64,58,'12','2400','DDR4','2026-01-22 23:21:27','2026-01-22 23:21:27',1,NULL),(65,59,'8','2400','DDR4','2026-01-22 23:36:06','2026-01-22 23:36:06',1,NULL),(66,60,'16','2666','DDR4','2026-01-22 23:40:10','2026-01-22 23:40:10',1,NULL),(67,64,'16','2400','DDR4','2026-01-23 01:20:44','2026-01-23 01:20:44',1,NULL),(68,65,'16','2400','DDR4','2026-01-23 03:59:03','2026-01-23 03:59:03',1,NULL),(69,66,'8','2400','DDR4','2026-01-23 04:03:54','2026-01-23 04:03:54',1,NULL),(70,67,'16','2400','DDR4','2026-01-23 04:12:59','2026-01-23 04:12:59',1,NULL),(71,68,'16','2400','DDR4','2026-01-23 04:38:19','2026-01-23 04:38:19',1,NULL),(72,69,'16','2666','DDR4','2026-01-23 04:50:40','2026-01-23 04:50:40',1,NULL),(73,70,'12','1333','DDR3','2026-01-23 05:02:21','2026-01-23 05:02:21',1,NULL),(74,71,'16','2666','DDR4','2026-01-23 05:06:41','2026-01-23 05:06:41',1,NULL),(75,72,'8','1600','DDR3','2026-01-23 05:32:09','2026-01-23 05:32:09',1,NULL),(76,73,'16','3200','DDR4','2026-01-23 05:49:59','2026-01-23 05:49:59',1,NULL),(77,74,'8','2666','DDR4','2026-01-23 05:56:18','2026-01-23 05:56:18',1,NULL),(78,75,'8','2666','DDR4','2026-01-23 06:01:33','2026-01-23 06:01:33',1,NULL),(79,76,'16','2666','DDR4','2026-01-23 06:03:46','2026-01-23 06:03:46',1,NULL),(80,77,'16','2666','DDR4','2026-01-23 06:36:02','2026-01-23 06:36:02',1,NULL),(81,78,'16','2666','DDR4','2026-01-23 06:38:47','2026-01-23 06:38:47',1,NULL),(82,79,'16','2666','DDR4','2026-01-23 07:00:16','2026-01-23 07:00:16',1,NULL),(83,80,'16','2666','DDR4','2026-01-23 07:03:30','2026-01-23 07:03:30',1,NULL),(84,81,'8','2666','DDR4','2026-01-23 07:06:26','2026-01-23 07:06:26',1,NULL),(85,82,'12','2666','DDR4','2026-01-23 22:49:28','2026-01-23 22:49:28',1,NULL),(86,83,'16','2666','DDR4','2026-01-23 22:53:06','2026-01-23 22:53:06',1,NULL),(87,84,'8','2400','DDR3','2026-01-23 22:57:11','2026-01-23 22:57:11',1,NULL),(88,85,'12','2666','DDR4','2026-01-23 23:00:57','2026-01-23 23:00:57',1,NULL),(89,86,'12','1333','DDR3','2026-01-23 23:04:14','2026-01-23 23:04:14',1,NULL),(90,87,'12','2666','DDR3','2026-01-23 23:10:25','2026-01-23 23:10:25',1,NULL),(91,88,'12','1600','DDR3','2026-01-23 23:12:57','2026-01-23 23:12:57',1,NULL),(92,89,'12','1333','DDR3','2026-01-23 23:23:00','2026-01-23 23:23:00',1,NULL),(93,90,'4','1333','DDR2','2026-01-23 23:29:43','2026-01-23 23:29:43',1,NULL),(94,91,'16','2666','DDR4','2026-01-23 23:32:45','2026-01-23 23:32:45',1,NULL),(95,92,'8','1333','DDR3','2026-01-23 23:36:13','2026-01-23 23:36:13',1,NULL),(96,93,'16','2666','DDR4','2026-01-23 23:39:50','2026-01-23 23:39:50',1,NULL),(97,94,'10','1333','DDR3','2026-01-23 23:44:55','2026-01-23 23:44:55',1,NULL),(98,95,'12','2133','DDR4','2026-01-23 23:47:35','2026-01-23 23:47:35',1,NULL),(99,96,'8','2666','DDR4','2026-01-23 23:51:21','2026-01-23 23:51:21',1,NULL),(100,97,'8','1600','DDR3','2026-01-23 23:56:01','2026-01-23 23:56:01',1,NULL),(101,98,'16','2666','DDR4','2026-01-23 23:58:24','2026-01-23 23:58:24',1,NULL),(102,99,'16','2666','DDR4','2026-01-24 00:01:50','2026-01-24 00:01:50',1,NULL),(103,100,'8','2666','DDR4','2026-01-24 00:08:06','2026-01-24 00:08:06',1,NULL),(104,101,'16','2666','DDR3','2026-01-24 00:10:53','2026-01-24 00:10:53',1,NULL),(105,102,'16','2666','DDR4','2026-01-24 00:13:31','2026-01-24 00:13:31',1,NULL),(106,103,'8','2666','DDR3','2026-01-24 00:16:37','2026-01-24 00:16:37',1,NULL),(107,104,'8','2400','DDR3','2026-01-24 00:29:34','2026-01-24 00:29:34',1,NULL),(108,105,'8','1333','DDR3','2026-01-24 00:33:01','2026-01-24 00:33:01',1,NULL),(109,106,'4','1333','DDR3','2026-01-24 00:35:50','2026-01-24 00:35:50',1,NULL),(110,107,'16','2666','DDR4','2026-01-24 00:40:11','2026-01-24 00:40:11',1,NULL),(111,108,'40','2400','DDR4','2026-01-24 00:50:50','2026-01-24 00:50:50',1,NULL),(116,125,'16','3200','DDR4','2026-01-28 01:30:27','2026-01-28 01:30:27',1,NULL),(117,126,'16','3200','DDR4','2026-01-28 01:33:31','2026-01-28 01:33:31',1,NULL),(118,127,'16','3200','DDR4','2026-01-28 01:35:17','2026-01-28 01:35:17',1,NULL),(123,138,'32','3200','DDR3','2026-01-29 00:59:31','2026-01-31 01:07:47',0,'descompostura'),(127,138,'4','2133','DDR3','2026-01-31 01:10:37','2026-01-31 01:29:57',0,'nope');
/*!40000 ALTER TABLE `rams` ENABLE KEYS */;
UNLOCK TABLES;

--
-- Table structure for table `tipo_activos`
--

DROP TABLE IF EXISTS `tipo_activos`;
/*!40101 SET @saved_cs_client     = @@character_set_client */;
/*!40101 SET character_set_client = utf8 */;
CREATE TABLE `tipo_activos` (
  `id` bigint(20) unsigned NOT NULL AUTO_INCREMENT,
  `nombre` varchar(255) NOT NULL,
  `created_at` timestamp NULL DEFAULT NULL,
  `updated_at` timestamp NULL DEFAULT NULL,
  PRIMARY KEY (`id`),
  UNIQUE KEY `tipo_activos_nombre_unique` (`nombre`)
) ENGINE=InnoDB AUTO_INCREMENT=9 DEFAULT CHARSET=utf8mb4 COLLATE=utf8mb4_unicode_ci;
/*!40101 SET character_set_client = @saved_cs_client */;

--
-- Dumping data for table `tipo_activos`
--

LOCK TABLES `tipo_activos` WRITE;
/*!40000 ALTER TABLE `tipo_activos` DISABLE KEYS */;
INSERT INTO `tipo_activos` VALUES (1,'Laptop','2026-01-22 21:59:57','2026-01-22 21:59:57'),(2,'PC Escritorio','2026-01-22 21:59:57','2026-01-22 21:59:57'),(3,'All in One','2026-01-22 21:59:58','2026-01-22 21:59:58'),(8,'Soy una prueba','2026-01-27 00:07:47','2026-01-27 00:07:47');
/*!40000 ALTER TABLE `tipo_activos` ENABLE KEYS */;
UNLOCK TABLES;

--
-- Table structure for table `ubicaciones`
--

DROP TABLE IF EXISTS `ubicaciones`;
/*!40101 SET @saved_cs_client     = @@character_set_client */;
/*!40101 SET character_set_client = utf8 */;
CREATE TABLE `ubicaciones` (
  `id` bigint(20) unsigned NOT NULL AUTO_INCREMENT,
  `nombre` varchar(255) NOT NULL,
  `codigo` varchar(255) NOT NULL,
  `created_at` timestamp NULL DEFAULT NULL,
  `updated_at` timestamp NULL DEFAULT NULL,
  PRIMARY KEY (`id`)
) ENGINE=InnoDB AUTO_INCREMENT=7 DEFAULT CHARSET=utf8mb4 COLLATE=utf8mb4_unicode_ci;
/*!40101 SET character_set_client = @saved_cs_client */;

--
-- Dumping data for table `ubicaciones`
--

LOCK TABLES `ubicaciones` WRITE;
/*!40000 ALTER TABLE `ubicaciones` DISABLE KEYS */;
INSERT INTO `ubicaciones` VALUES (1,'Morelia, Michoacan','58200','2026-01-09 17:08:28','2026-01-16 22:25:26'),(2,'CDMX','04600','2026-01-15 20:53:53','2026-01-15 20:53:53'),(3,'CHIHUAHUA','31054','2026-01-15 20:54:17','2026-01-15 20:54:17'),(4,'GUADALAJARA','44320','2026-01-15 20:55:26','2026-01-15 20:55:26'),(5,'LEON','37218','2026-01-15 20:56:11','2026-01-15 20:56:11'),(6,'TOLUCA','50200','2026-01-15 20:57:38','2026-01-15 20:57:38');
/*!40000 ALTER TABLE `ubicaciones` ENABLE KEYS */;
UNLOCK TABLES;

--
-- Table structure for table `users`
--

DROP TABLE IF EXISTS `users`;
/*!40101 SET @saved_cs_client     = @@character_set_client */;
/*!40101 SET character_set_client = utf8 */;
CREATE TABLE `users` (
  `id` bigint(20) unsigned NOT NULL AUTO_INCREMENT,
  `name` varchar(255) NOT NULL,
  `email` varchar(255) NOT NULL,
  `rol` varchar(50) NOT NULL DEFAULT 'SISTEMAS' COMMENT 'ADMIN, SISTEMAS, CONTABILIDAD.',
  `departamento` varchar(255) NOT NULL,
  `password` varchar(255) NOT NULL,
  `estatus` varchar(50) NOT NULL DEFAULT 'ACTIVO',
  `remember_token` varchar(100) DEFAULT NULL,
  `created_at` timestamp NULL DEFAULT NULL,
  `updated_at` timestamp NULL DEFAULT NULL,
  PRIMARY KEY (`id`),
  UNIQUE KEY `users_correo_unique` (`email`)
) ENGINE=InnoDB AUTO_INCREMENT=89 DEFAULT CHARSET=utf8mb4 COLLATE=utf8mb4_unicode_ci;
/*!40101 SET character_set_client = @saved_cs_client */;

--
-- Dumping data for table `users`
--

LOCK TABLES `users` WRITE;
/*!40000 ALTER TABLE `users` DISABLE KEYS */;
INSERT INTO `users` VALUES (1,'Ingeniero Marcos','marcos@pihcsa.com','ADMIN','SISTEMAS','$2y$12$Tjg.fsm/tgVZw3FtVJKEX.W0DUfebDYRFdmhO0O7tZyCXLiKGHFgq','ACTIVO',NULL,NULL,'2026-01-16 00:24:01'),(2,'Israel Erick Razo Falcón','israel@pihcsa.com','ADMIN','SISTEMAS','$2y$12$ENAci7R9JDifvXQqN2cRiud96YdrbR1yFyRzW1dw5HyggPz/uGnO6','ACTIVO',NULL,'2026-01-15 03:06:18','2026-01-15 23:32:34'),(3,'Alejandro Escobedo','alejandro@pihcsa.com','INVITADO','ALMACEN','$2y$12$dk.P1xfW1dYHETcVRzo/MuliB6OSffeDqaZevruhQ4ZKUG2XXI68m','ACTIVO',NULL,'2026-01-15 21:15:22','2026-01-15 23:38:57'),(4,'Alfonso Dominguez Pantoja','alfonso@pihcsa.com','INVITADO','AUXILIAR_LOGISTICA','$2y$12$3niN5Fsf2ih1yBOldIi6JO.foCc0jp6tjZp3IjyacciC/Qk7gVTmW','ACTIVO',NULL,'2026-01-15 21:20:33','2026-01-16 01:17:36'),(5,'Ángeles González','angeles@pihcsa.com','INVITADO','ALMACEN','$2y$12$Cxd59j0smuhzylYqAl5Wnel0BaM3Pa/FQd24WyJQd3kQsLxbwALIq','ACTIVO',NULL,'2026-01-15 21:21:12','2026-01-15 23:38:17'),(6,'Aracely Pérez','araceli@pihcsa.com','INVITADO','CONTABILIDAD','$2y$12$XQsm5IDclnLP6lWl4rARl.ggaiO7AdNBgX8yIOuUPyhw/v05NR5qG','ACTIVO',NULL,'2026-01-15 21:21:52','2026-01-16 01:18:05'),(7,'Benjamin Infante','benjamin@pihcsa.com','INVITADO','ALMACEN','$2y$12$0wo.TDXl2a/UQG3ZAzFpPOSXTbNmmyAFK2FEYB9WOXM0WlQ/AApK.','ACTIVO',NULL,'2026-01-15 21:22:31','2026-01-15 23:40:23'),(8,'Berenice Martínez Ceja','berenice@pihcsa.com','INVITADO','SISTEMAS','$2y$12$IAN8fwda47QaHafEPFlXCu1ioX6v4gTURC7NAYauLfW5Xr94D8w.S','ACTIVO',NULL,'2026-01-15 21:23:05','2026-01-15 23:41:14'),(9,'Carlos Colin','carlos@pihcsa.com','INVITADO','ALMACEN','$2y$12$rgVuCoAefDhAVlpuZ/uGxu4fKB0C2fpDO.Iqam19LOALNWbG3yT2e','ACTIVO',NULL,'2026-01-15 21:23:43','2026-01-15 23:41:32'),(10,'Christian Vargas','chrstian@pihcsa.com','INVITADO','ALMACEN','$2y$12$pc0ywIGDtqDNMkyNRlbyNuq2UQ5Fo2N9T.vJkCR09LsMsTBXuVqNO','ACTIVO',NULL,'2026-01-15 21:24:34','2026-01-15 23:41:51'),(11,'Christian Arellano','christianarellano@pihsa.com','INVITADO','RESPONSABLE_SANITARIO','$2y$12$i7XBAkaUYzEjYNiHXVg.FOPY7mKaXvXM.1D06XcZQMTiSizWwjQqy','ACTIVO',NULL,'2026-01-15 21:25:29','2026-01-16 01:19:11'),(12,'Christian Julio Pioquinto','christianjulio@pihcsa.com','INVITADO','EMBARQUES','$2y$12$AvEJQw7/8QtA6UpOcPo27uNpMhhTiTiwVJey7ManMWKfU4Ze5yad6','ACTIVO',NULL,'2026-01-15 21:26:03','2026-01-16 01:19:25'),(13,'Citlali Ramos','citlatiramos@pihcsa.com','INVITADO','RECEPCION_COMPRAS','$2y$12$rQaBFch1dgwRXzQlYOKHU.XAykmtC.WuslLRSC3ueYxVh0S42j4mm','ACTIVO',NULL,'2026-01-15 21:26:51','2026-01-16 01:19:43'),(14,'Claudia Karina Sierra','claudia@pihcsa.com','INVITADO','SISTEMAS','$2y$12$0RYT0kz7k8aGE/gVuc1s3.78byvWH.uYBnrziFAFMhW6iTcXNVziO','ACTIVO',NULL,'2026-01-15 21:27:28','2026-01-15 23:43:32'),(15,'Claudia Barrueta','claudiabarreta@pihcsa.com','INVITADO','RECEPCION','$2y$12$JIxyEOk1igov4UJduxmwjOdNA.tMZtkhcA3UF0Wh0mOWYKx.Dxp42','ACTIVO',NULL,'2026-01-15 21:28:05','2026-01-16 01:20:13'),(16,'Claudia Suárez','claudiasuarez@pihcsa.com','INVITADO','SISTEMAS','$2y$12$GpctxJF0Cjy5VUfWa/L8LujOlYXoDT7c.PQaBHMh7OhYF9NfCo3Ne','ACTIVO',NULL,'2026-01-15 21:28:44','2026-01-15 23:44:26'),(17,'COPIADORA','copiadora@pihcsa.com','INVITADO','COPIADORA','$2y$12$iFkIkt0bXZ2/V9yNWLh9ielkFj.W/DR3rnZwAxWHzdivOc0udMv/i','ACTIVO',NULL,'2026-01-15 21:29:23','2026-01-15 21:29:23'),(18,'Cristina Pereznegron','cristina@pihcsa.com','INVITADO','SISTEMAS','$2y$12$xnKIixZy2lPxi3OQo21GPe.1hOtOOdRUK7iFipCMq6t7vcknBwJ56','ACTIVO',NULL,'2026-01-15 21:29:56','2026-01-15 23:44:55'),(19,'Dilan Ocampo','dilan@pihcsa.com','INVITADO','ALMACEN','$2y$12$PQYjTBztuMEsdV0URB9eqONg/s1wykpPSao94MWEhn/JmkL8xEETe','ACTIVO',NULL,'2026-01-15 21:30:30','2026-01-15 23:46:16'),(20,'Eder Alejandro Vázquez','edervazquez@pihcsa.com','INVITADO','SISTEMAS','$2y$12$.FeeZG3261pNR1AosdkffuBctG8FrUV1dm2gAi0ml.6x/wkAubx9q','ACTIVO',NULL,'2026-01-15 21:31:12','2026-01-15 23:46:59'),(21,'Efigenia Suárez','efigenia@pihcsa.com','INVITADO','SISTEMAS','$2y$12$.qMbhcB0SxnvCr/.oyqkBehVNgC/m3LPMFaDMMunC.iWV4VXiC/zu','ACTIVO',NULL,'2026-01-15 21:31:43','2026-01-15 23:47:20'),(22,'Emma Hernández','emma@pihcsa.com','INVITADO','SISTEMAS','$2y$12$yG3R7MLgPFh9SxahtE7/gO4cNHnQHvWoGi9.8FrTrWCfY7Kx1m2wW','ACTIVO',NULL,'2026-01-15 21:32:14','2026-01-15 23:49:05'),(23,'Erika Valencia Salas','erika@pihcsa.com','INVITADO','ALMACEN','$2y$12$6vD2MnNMZbhRLFl3/fcaRuggL8fkWIz3i42FZXJGScigICiXpoUKC','ACTIVO',NULL,'2026-01-15 21:33:03','2026-01-15 23:52:15'),(24,'Esthefanya Ayala','esthefanya@pihcsa.com','INVITADO','SISTEMAS','$2y$12$92LdOpb6TvlA71vr7InumOOK6riP2Prq622lIU6rKXpE7T6NfDBZy','ACTIVO',NULL,'2026-01-15 21:34:17','2026-01-15 23:52:54'),(25,'ETIQUETAS','etiquetas@pihcsa.com','INVITADO','ETIQUETAS','$2y$12$Anx6n.1j3Hx67spDgbpsjOrAnNVeOFUJwVzfMA7Ax4i1mgTxScMxq','ACTIVO',NULL,'2026-01-15 21:34:43','2026-01-15 21:34:43'),(26,'Eva Nuño','eva@pihcsa.com','INVITADO','ALMACEN','$2y$12$Aebijy/Le0A65W1hVZmzUeOWkVEdJ3rmoBFSALWaSVIfNyTkF0C3G','ACTIVO',NULL,'2026-01-15 21:35:13','2026-01-15 23:53:07'),(27,'Fabian Nava','fabian@pihcsa.com','INVITADO','ALMACEN','$2y$12$WZ1eBIAE.oquof2xAXWnruZWEoOMo48SZnbFj4xciHTcU50s5cRG.','ACTIVO',NULL,'2026-01-15 21:35:41','2026-01-15 23:53:29'),(28,'Luis Fernando González','fernando@pihcsa.com','INVITADO','ALMACEN','$2y$12$mMZASFfS0QCBEHKyae5Xw.8WQC7CHkVEurY1nFS08LVMmUT.CqfVe','ACTIVO',NULL,'2026-01-15 21:36:09','2026-01-15 23:54:24'),(29,'Francisco','francisco@pihcsa.com','INVITADO','ALMACEN','$2y$12$49x2H9uPf3/bRDb7oD.SDehqXycC7H4eiEOulyIKzon6M/.38.xBK','ACTIVO',NULL,'2026-01-15 21:36:48','2026-01-15 23:54:56'),(30,'Gabriel Puertos Castañeda','gabriel@pihcsa.com','INVITADO','SISTEMAS','$2y$12$aGgKyE1kuNqp94Zn8q0INOshTt5Q/XULlRq5.D6UC7FCqz6GwtxLO','ACTIVO',NULL,'2026-01-15 21:37:13','2026-01-15 23:55:44'),(31,'Gabriela Alipio Cahue','gabriela@pihcsa.com','INVITADO','SISTEMAS','$2y$12$WxljpFqGTp7q2Gq6ZKA/3uock6s0/JThVMV69E9oHLMAVmcWLZc4G','ACTIVO',NULL,'2026-01-15 21:37:58','2026-01-15 23:56:09'),(32,'Gerardo Hiram Hernández','gerardo@pihcsa.com','INVITADO','SISTEMAS','$2y$12$vrm5HofPsYruhLipPDVVGeQCk4myqU0JUtxk2nUUeIupJBVyT0VWC','ACTIVO',NULL,'2026-01-15 21:38:44','2026-01-15 23:56:30'),(33,'Guadalupe Martínez','guadalupemartinez@pihcsa.com','INVITADO','SISTEMAS','$2y$12$S3n.TUrjKApvX4NfyuROfeIC36ALZBNetZXAXjsqQE7B4zaKKN6N.','ACTIVO',NULL,'2026-01-15 21:39:21','2026-01-15 23:57:46'),(34,'Hernán Behar Gallegos','hernangallegos@pihcsa.com','INVITADO','ALMACEN','$2y$12$lGAleIX5DkjsuRrLRayk7OWVlzZu6mVamDQxWGZwpgmgEV7NFJJJe','ACTIVO',NULL,'2026-01-15 21:40:19','2026-01-15 23:58:34'),(35,'Irving Leal','irving@pihcsa.com','INVITADO','SISTEMAS','$2y$12$jChc8OhPGnFRBHe7ZTdjsuEETRp4tIenhGg4vTieAM2wTSFJrbpli','ACTIVO',NULL,'2026-01-15 21:40:55','2026-01-15 23:58:46'),(36,'Isauro Martínez','isauro@pihcsa.com','INVITADO','SISTEMAS','$2y$12$vsqrOus3fWILYse.UkFcTu5H1ewb3t4Q48wRF4IKcZCgMs513aEAO','ACTIVO',NULL,'2026-01-15 21:41:50','2026-01-15 23:59:20'),(37,'Ivan Jahyr Nava','ivan@pihcsa.com','INVITADO','SISTEMAS','$2y$12$cvm3aA5TEzlEL5pe.p3axuqJwiDg5LsL5uI3p2eHEd/WUW5Hy4CUq','ACTIVO',NULL,'2026-01-15 21:42:40','2026-01-15 23:59:40'),(38,'Jese Andy Soto','jese@pihcsa.com','INVITADO','OPERACIONES','$2y$12$cY5.Iu3vlgvBn/yahNULDO/u.g44ddTSa8fVTBCfyarruTJ5U4uS6','ACTIVO',NULL,'2026-01-15 21:43:07','2026-01-16 00:00:10'),(39,'José Esteban Torres','josetorres@pihcsa.com','INVITADO','SISTEMAS','$2y$12$p2k1kuC3VXa9OEt5EOmBGOmsF069n7e1xfnJOa5rJxn8LBiZIHdLi','ACTIVO',NULL,'2026-01-15 21:43:46','2026-01-16 00:00:29'),(40,'Lleymi Chávez','lleimi@pihcsa.com','INVITADO','SISTEMAS','$2y$12$8bEUeBxNYV7H0eVHxnWiMeo9Ir2fLexhfyjVFKig274RzBPRysPym','ACTIVO',NULL,'2026-01-15 21:44:10','2026-01-16 00:00:56'),(41,'Lorena Posadas','lorena@pihcsa.com','INVITADO','SISTEMAS','$2y$12$x0IMA8TveKSM.xYX9zY5N.lSZ86oym4Q7OjJhIDOw3AFwxue5ARZS','ACTIVO',NULL,'2026-01-15 21:44:43','2026-01-16 00:01:16'),(42,'Mauricio Ruíz','mauricio@pihcsa.com','INVITADO','SISTEMAS','$2y$12$b1n7aeSaBTaeCY9pR8qdZOLxdnJg3i7YrdK6c0UXWLCZkiaxXr8du','ACTIVO',NULL,'2026-01-15 21:46:00','2026-01-16 00:01:50'),(43,'Viviana Montserrat Hernández','monse@pihcsa.com','INVITADO','VENTAS','$2y$12$fBiUL9Kc9k7nLsMkq25nuuaX/E74FAJV69Nm4jAE.W1S3CkXA/UFe','ACTIVO',NULL,'2026-01-15 21:46:24','2026-01-16 00:02:43'),(44,'Nataly Romero','nataly@pihcsa.com','INVITADO','VENTAS','$2y$12$Hp9aBYBQrfC6GwjjyFHjAek1f1BQjU8GN4ojO403Tz.71bonDC6iO','ACTIVO',NULL,'2026-01-15 21:53:49','2026-01-16 00:03:17'),(45,'Oscar Serrano','oscar@pihcsa.com','INVITADO','SISTEMAS','$2y$12$b/OxYQmWDXin.3F0dhNxueiAnmYyDIQa5nHgko6AA1erP/31fg6Ry','ACTIVO',NULL,'2026-01-15 21:54:18','2026-01-16 00:03:49'),(46,'Paulina Aguirre Macías','paulina@pihcsa.com','INVITADO','SISTEMAS','$2y$12$62L1CI8EWchXqs46atDQTuQWDzEnz.VV4QAEdz96p9BOUJeTT5.uS','ACTIVO',NULL,'2026-01-15 21:55:40','2026-01-16 00:04:18'),(47,'Roberto Estrada','roberto@pihcsa.com','INVITADO','ALMACEN','$2y$12$7rplNKLWRw.AcIzsxaoU9uvsosHNKqlGE5jQDoJw.6KNpWniR/CYG','ACTIVO',NULL,'2026-01-15 21:56:05','2026-01-16 00:05:11'),(48,'Ruth Cervantes','ruth@pihcsa.com','INVITADO','ALMACEN','$2y$12$2SrMlMBhabrM6haMMaKSguM2SSgnspV9/MyUKC3Ep1D.o0iBkwSyC','ACTIVO',NULL,'2026-01-15 21:56:42','2026-01-16 00:05:42'),(49,'Sara Renteria Alcauter','sara@pihcsa.com','INVITADO','SISTEMAS','$2y$12$H0.W5uAZ9KyDRrQnm/P4DuIvkZPzf3VO1zROvVzTanHWSBPCkVnSK','ACTIVO',NULL,'2026-01-15 21:57:10','2026-01-16 00:06:08'),(50,'Saúl Cruz','saul@pihcsa.com','INVITADO','SISTEMAS','$2y$12$CfLIDm9grtvi01x3dLgbDufrwlBqpg6tK3Fft6/kssWaKPA2GNkCa','ACTIVO',NULL,'2026-01-15 21:57:48','2026-01-16 00:06:38'),(51,'Sergio Durán','sergio@pihcsa.com','INVITADO','SISTEMAS','$2y$12$URKmbX2FXhEJSCWTbjcf6OfY0NIEezrKLsRx5Rl23TGGT.XB4atQm','ACTIVO',NULL,'2026-01-15 21:58:24','2026-01-16 00:07:13'),(52,'SITE','site@pihcsa.com','INVITADO','SITE','$2y$12$DkIcCStbsmBIjy.KSaiVge/2dwhQECkrTU8.6ODwr6mMlKwEXuYgO','ACTIVO',NULL,'2026-01-15 21:59:09','2026-01-15 21:59:09'),(53,'Valentina Valdovinos','valentina@pihcsa.com','INVITADO','SISTEMAS','$2y$12$AT9mU3XX/PXK7u0ugtnYmOHofY7Jgar06j/g2NVz7r9KLJtBxG4pq','ACTIVO',NULL,'2026-01-15 21:59:37','2026-01-16 00:07:34'),(54,'Vigilancia','vigilancia@pihcsa.com','INVITADO','VIGILANCIA','$2y$12$caGQQnbTpTAJB3.3Qt4/SOVQHYAAE0m/sqzZnFGNhdh16hBpgcFaG','ACTIVO',NULL,'2026-01-15 22:00:16','2026-01-15 22:00:16'),(55,'Yolanda Janette Zapien','yolanda@pihcsa.com','INVITADO','SISTEMAS','$2y$12$ozeX0QixFYtMtu4Pnff5ReqtkceY0FXhvl9pXgiaCn9hy/WJw0jwC','ACTIVO',NULL,'2026-01-15 22:00:43','2026-01-16 00:07:59'),(56,'Yesenia Castro','yesenia@pihcsa.com','INVITADO','SISTEMAS','$2y$12$LewUnaK6Z/Z85YOK8XXjXeKXj.vVQG.YOtygdaFY0Uv1vCIBhWpDa','ACTIVO',NULL,'2026-01-15 22:01:13','2026-01-16 00:08:15'),(57,'Zaira Hernández','zaira@pihcsa.com','INVITADO','ALMACEN','$2y$12$Xm4hjBTuLL1KzkTV5Ootae5n2/iFpDpMDlSDXEMULyt5Os6EuIzKS','ACTIVO',NULL,'2026-01-15 22:01:48','2026-01-16 00:23:00'),(58,'Fiorella Figueroa','responsablesanitario@pihcsa.com.mx','INVITADO','CALIDAD','$2y$12$G1d6ZSnFSbDp8yG/eWyzQuOx.Bu5YuZMp.TgXcjq0Jercp2/rlyY6','ACTIVO',NULL,'2026-01-16 00:13:07','2026-01-16 00:13:07'),(59,'Ana Quiroz','ventasgobierno03@pihcsa.com.mx','INVITADO','VENTAS_GOB','$2y$12$wW1UJur0yh3cWS.sdtFFJeMIXRMErX1VeED7K.hQi1FwvKKm31ZfK','ACTIVO',NULL,'2026-01-16 00:14:27','2026-01-16 00:14:27'),(60,'José Felipe Gutiérrez Solano','supervisortoluca@pihcsa.com.mx','INVITADO','VENTAS_PRIV','$2y$12$REnPQoV2/N3T0Y5S1AHy9eRaX49LtWv2eEfifMQZcqDYAAtYMzp0W','ACTIVO',NULL,'2026-01-16 00:54:57','2026-01-16 00:54:57'),(61,'Guadalupe Gómez Gallardo','asistcredito@pihcsa.com.mx','INVITADO','CREDITO','$2y$12$Om0.fCKn6QN9uHqLkbzBy.hi2JfXDV1DSAdFycgeQIRAGGvNavVJK','ACTIVO',NULL,'2026-01-16 00:56:25','2026-01-16 00:56:25'),(62,'Manuel Hernández','gteabastoyd@gmmed.mx','INVITADO','COMPRAS','$2y$12$cwwNk1aUG84dNX7Sf4RL1.sYv15710JSOxRqGJXdQIabhmzjoE1Ri','ACTIVO',NULL,'2026-01-16 00:58:42','2026-01-16 00:58:42'),(63,'Luis Alberto Garcia Tinoco','lgarcia@gmmed.mx','INVITADO','ALMACEN','$2y$12$ouuMXWHRbeOEcSB/8fCBw.LkBc5ViPNgBf431iVzyedR3eqrkMv.y','ACTIVO',NULL,'2026-01-16 01:00:09','2026-01-16 01:00:09'),(64,'Andrea Magaña','anmagana@gmmed.mx','INVITADO','COBRANZA','$2y$12$zWTpayVmsoj3WjmuWzeSb.O1xkZA0TZSwe1dLF2WRHK1XRhXvl3vG','ACTIVO',NULL,'2026-01-16 01:01:50','2026-01-16 01:01:50'),(65,'Gabriela González','jefecompras@gmmed.mx','INVITADO','COMPRAS','$2y$12$EqiG9ysZ8WqeZyqICvC4Ve1G2JK8Q7kgvhXGABZPP.OFG7/y5seGu','ACTIVO',NULL,'2026-01-16 01:02:37','2026-01-16 01:02:37'),(66,'Carla Cecilia León','colvera@pihcsa.com.mx','INVITADO','JURIDICO','$2y$12$3mHgwNdMjlfjsSnEOJM.BuNhO2dFWOx0RVGbWU7gdM/XO1AmdYiIC','ACTIVO',NULL,'2026-01-16 01:03:44','2026-01-16 01:03:44'),(67,'Alejandro Hernández','alejandrohernandez@pihcsa.com.mx','INVITADO','VENTAS_PRIV','$2y$12$gxz0tWAu/nb.txx.ZyVIeOgNMjvHuKb.8zDzgyV8g1ifThOwLKSrO','ACTIVO',NULL,'2026-01-16 01:10:14','2026-01-16 01:10:14'),(68,'Carlos Sarmiento','csarmiento@gmmed.mx','INVITADO','VENTAS_PRIV','$2y$12$XI4I06PcxNwRSr1xSKV.Z.7HM80RXleUZyBV0o9pJFtFOwWi3AwYG','ACTIVO',NULL,'2026-01-16 01:11:02','2026-01-16 01:11:02'),(69,'Arturo Magaña','amagana@gmmed.mx','INVITADO','VENTAS_PRIV','$2y$12$ZmXol/6gWWccffyuI9KOSuL2TQndG5HUCuSwbDu7xho/XYl6reUeG','ACTIVO',NULL,'2026-01-16 01:13:34','2026-01-16 01:13:34'),(70,'Luis Magaña','lmagana@gmmed.mx','INVITADO','VENTAS_PRIV','$2y$12$cDNNr5O0oTlaxJ08Ux5LSeSKBty0vskS.yEdVF7aHnoBpZIvuv1cC','ACTIVO',NULL,'2026-01-16 01:15:20','2026-01-16 01:32:06'),(71,'José Arturo Díaz Magaña','jmagana@gmmed.mx','INVITADO','SISTEMAS','$2y$12$aJTpmDCkGWXvCS599uY.i.XQTQGrj7YPP8sin5hB7o8Qj7Oi.O8ny','ACTIVO',NULL,'2026-01-16 01:16:58','2026-01-16 01:16:58'),(72,'Lucia Chávez Oropeza','lchavez@gmmed.mx','INVITADO','COBRANZA','$2y$12$yawz9Sg6u5dMx/iMsrlQxOLhr8jRyrwElMWSd355snFYtEIghROGm','ACTIVO',NULL,'2026-01-16 01:18:08','2026-01-16 01:18:08'),(73,'Pascual Chávez','pascual@lvc.com','INVITADO','ALMACEN','$2y$12$b0vcvLDUxc2zdAvnh/Fj0uFVXs/RQYt6oz8FFI5/PSWn7xnwoTi8S','ACTIVO',NULL,'2026-01-16 01:19:25','2026-01-16 01:29:57'),(74,'johan jael','johan@pihcsa.com','INVITADO','SISTEMAS','$2y$12$Zph6CXdtVaLWRrJB3jMP4ezUm8vQzcyfmO8VBnUkfaGIuugLycz.a','ACTIVO',NULL,'2026-01-16 01:37:47','2026-01-16 22:25:48'),(75,'ESVEIDI ZAVALA','nzavala@gmmed.mx','INVITADO','VENTAS_PRIV','$2y$12$mbR5KTp/bzOl5R.1IEiPQ.uXL7ppXpyp6LvMcPJn8A6X6cUEzNQli','ACTIVO',NULL,'2026-01-21 01:20:07','2026-01-21 01:20:07'),(76,'Rocío García','rgarcia@gmmed.mx','INVITADO','VENTAS_PRIV','$2y$12$nA4soO8RO4cHomugfpp78eTt9zltTcjdsuR.vCAjSBAOVe0N/GIJy','ACTIVO',NULL,'2026-01-21 01:42:54','2026-01-21 01:42:54'),(77,'Yuliana Villa Mejía','ventasdistribuidor@pihcsa.com.mx','INVITADO','VENTAS_PRIV','$2y$12$Zptpv9NJiYhARiL.WDDWBuiMD.d/sxq2UDziwpHdGb3OkTxEqLqyO','ACTIVO',NULL,'2026-01-21 01:59:14','2026-01-21 01:59:14'),(78,'Omar Mercado','omercado@pihcsa.com.mx','INVITADO','VENTAS_PRIV','$2y$12$eiVSTgSZJ4eXyKX7KDSMmO8j3KThWBgyilWHwPAlp5rGROo4OBrOK','ACTIVO',NULL,'2026-01-21 04:24:34','2026-01-21 04:24:34'),(79,'DISPONIBLE','disponible@pihcsa.com','INVITADO','SISTEMAS','$2y$12$v0NBj9uADJ589JCIqceb0.H1cgOyfR4UbFJpVXLNcgsYRgpanlqya','ACTIVO',NULL,'2026-01-21 04:28:22','2026-01-21 04:28:22'),(80,'HOME OFFICE','homeoffice@pihcsa.com','INVITADO','VENTAS_PRIV','$2y$12$1e7tu2P6QAack2HTbO/UG.4AJMYKOYB8x86dnZX142FqozU2L4O7W','ACTIVO',NULL,'2026-01-21 04:36:56','2026-01-21 04:36:56'),(81,'ABASTECEDORA GDL','abastgdl@pihcsa.com','INVITADO','VENTAS_GOB','$2y$12$oIN2csPDZtyCC7vKtkDzlOg0galsg9QbpfA0a7.3tNt7F20lH1bpO','ACTIVO',NULL,'2026-01-22 05:43:24','2026-01-22 05:43:24'),(82,'Esteban Jasso','estebanjasso@pihcsa.com','INVITADO','ALMACEN','$2y$12$upcuPhoiOJK7qQ3h2KVyK.Hf8RzcnDI63anlLHo01J5dOr/afBZN6','ACTIVO',NULL,'2026-01-22 06:01:04','2026-01-22 06:01:04'),(83,'OBSOLETO','obsoleto@pihcsa.com','INVITADO','SISTEMAS','$2y$12$HLdF5ewZH7oOPeFuhCBnSe91q3gT2rg7txgmdNQz3AtWxu734tmCu','ACTIVO',NULL,'2026-01-22 23:06:56','2026-01-22 23:06:56'),(84,'SALA DE JUNTAS','saladejuntas@pihcsa.com','INVITADO','SISTEMAS','$2y$12$TgCDH8U3FyowMLifPIFiE.AjJ9wRjpJTUlkutXILkgkiaO6M37cdi','ACTIVO',NULL,'2026-01-23 23:49:18','2026-01-23 23:49:18'),(85,'YETZI RAMIREZ','yramirez@gmmed.mx','INVITADO','VENTAS_GOB','$2y$12$QO17dUelXJG5H8xn7FVYROYhTBFWOnRZ3pETNaybsMQvIOLe0Ln5W','ACTIVO',NULL,'2026-01-24 00:04:47','2026-01-24 00:04:47'),(86,'HOME OFFICE COBRANZA','hmcobranza@pihcsa.com','INVITADO','SISTEMAS','$2y$12$Z9iA4zKW5L3rHZzzq3duVOnrrFGkoeu72n5Z/uMu1NhhmqejaED6S','ACTIVO',NULL,'2026-01-24 00:26:22','2026-01-24 00:26:22'),(87,'VENTA MEDICADEPOT','eramirez@gmmed.mx','INVITADO','SISTEMAS','$2y$12$B9vFK9fv0yJg9IqZZBFKa.DYO3HNN1LwtO3FPIceOunHDUTFfV9hK','ACTIVO',NULL,'2026-01-28 00:01:34','2026-01-28 00:01:34'),(88,'VENTA INNOVAMEDICA','sistemas@innovamedica.com.mx','INVITADO','SISTEMAS','$2y$12$16.36xPle2Ixl4j7nUc3he8Epx0TY1O640kAWyMC/eZYQF8grS9iy','ACTIVO',NULL,'2026-01-28 00:05:27','2026-01-28 00:05:27');
/*!40000 ALTER TABLE `users` ENABLE KEYS */;
UNLOCK TABLES;
/*!40103 SET TIME_ZONE=@OLD_TIME_ZONE */;

/*!40101 SET SQL_MODE=@OLD_SQL_MODE */;
/*!40014 SET FOREIGN_KEY_CHECKS=@OLD_FOREIGN_KEY_CHECKS */;
/*!40014 SET UNIQUE_CHECKS=@OLD_UNIQUE_CHECKS */;
/*!40101 SET CHARACTER_SET_CLIENT=@OLD_CHARACTER_SET_CLIENT */;
/*!40101 SET CHARACTER_SET_RESULTS=@OLD_CHARACTER_SET_RESULTS */;
/*!40101 SET COLLATION_CONNECTION=@OLD_COLLATION_CONNECTION */;
/*!40111 SET SQL_NOTES=@OLD_SQL_NOTES */;

-- Dump completed on 2026-01-30 13:33:42
